2025-10-15 04:03:36,633 - __main__ - INFO - 📦 Verificando dependencias...
2025-10-15 04:03:38,644 - __main__ - INFO - ✅ python-telegram-bot v22.5 está instalado
2025-10-15 04:03:38,644 - __main__ - INFO - 🔧 Validando configuración...
2025-10-15 04:03:38,700 - __main__ - INFO - ✅ Configuración validada correctamente
2025-10-15 04:03:38,700 - __main__ - INFO - 🚀 Inicializando ELiaS...
2025-10-15 04:03:38,701 - __main__ - ERROR - ❌ Error fatal: name 'initialize_elias_system' is not defined
2025-10-15 04:04:07,406 - __main__ - INFO - 📦 Verificando dependencias...
2025-10-15 04:04:09,281 - __main__ - INFO - ✅ python-telegram-bot v22.5 está instalado
2025-10-15 04:04:09,282 - __main__ - INFO - 🔧 Validando configuración...
2025-10-15 04:04:09,328 - __main__ - INFO - ✅ Configuración validada correctamente
2025-10-15 04:04:09,328 - __main__ - INFO - 🚀 Inicializando ELiaS...
2025-10-15 04:04:22,753 - httpx - INFO - HTTP Request: GET https://api.notion.com/v1/users/me "HTTP/1.1 200 OK"
2025-10-15 04:04:23,228 - ia.services.transcription_service - INFO - ✅ AssemblyAI configurado correctamente
2025-10-15 04:04:23,228 - ia.services.transcription_service - INFO - ✅ Servicio de transcripción AssemblyAI inicializado
2025-10-15 04:04:23,266 - __main__ - INFO - 🤖 Inicializando Telegram Bot...
2025-10-15 04:04:23,266 - telegram_bot.bot - INFO - 📋 Admin IDs parseados: [7792117959]
2025-10-15 04:04:23,266 - telegram_bot.bot - INFO - 🤖 EliasBot inicializado correctamente
2025-10-15 04:04:23,267 - __main__ - INFO - 🚀 Iniciando bot de Telegram...
2025-10-15 04:04:23,459 - telegram_bot.bot - INFO - 🔧 Handlers configurados correctamente
2025-10-15 04:04:23,459 - telegram_bot.bot - INFO - ✅ LangGraphService inicializado
2025-10-15 04:04:23,459 - telegram_bot.bot - INFO - ✅ Servicios básicos inicializados para Telegram
2025-10-15 04:04:23,460 - telegram_bot.bot - INFO - ✅ Bot construido correctamente
2025-10-15 04:04:23,460 - telegram_bot.bot - INFO - 🚀 Iniciando EliasBot...
2025-10-15 04:04:23,460 - telegram_bot.bot - INFO - 📋 Administradores: [7792117959]
2025-10-15 04:04:24,241 - httpx - INFO - HTTP Request: POST https://api.telegram.org/bot7677204696:AAFLU9IBU0lROegsU7aOM5dM_SPxiKk5kMo/getMe "HTTP/1.1 200 OK"
2025-10-15 04:04:24,480 - httpx - INFO - HTTP Request: POST https://api.telegram.org/bot7677204696:AAFLU9IBU0lROegsU7aOM5dM_SPxiKk5kMo/deleteWebhook "HTTP/1.1 200 OK"
2025-10-15 04:04:24,481 - telegram.ext.Application - INFO - Application started
2025-10-15 04:04:35,180 - httpx - INFO - HTTP Request: POST https://api.telegram.org/bot7677204696:AAFLU9IBU0lROegsU7aOM5dM_SPxiKk5kMo/getUpdates "HTTP/1.1 200 OK"
2025-10-15 04:04:43,794 - httpx - INFO - HTTP Request: POST https://api.telegram.org/bot7677204696:AAFLU9IBU0lROegsU7aOM5dM_SPxiKk5kMo/getUpdates "HTTP/1.1 200 OK"
2025-10-15 04:04:43,795 - telegram_bot.handlers.messages - INFO - 🎤 Mensaje de voz recibido de usuario 7792117959 (duración: 5s)
2025-10-15 04:04:44,638 - httpx - INFO - HTTP Request: POST https://api.telegram.org/bot7677204696:AAFLU9IBU0lROegsU7aOM5dM_SPxiKk5kMo/sendChatAction "HTTP/1.1 200 OK"
2025-10-15 04:04:45,364 - httpx - INFO - HTTP Request: POST https://api.telegram.org/bot7677204696:AAFLU9IBU0lROegsU7aOM5dM_SPxiKk5kMo/getFile "HTTP/1.1 200 OK"
2025-10-15 04:04:45,833 - httpx - INFO - HTTP Request: GET https://api.telegram.org/file/bot7677204696%3AAAFLU9IBU0lROegsU7aOM5dM_SPxiKk5kMo/voice/file_33.oga "HTTP/1.1 200 OK"
2025-10-15 04:04:46,298 - telegram_bot.handlers.messages - INFO - 📥 Audio descargado: 107992 bytes
2025-10-15 04:04:46,660 - httpx - INFO - HTTP Request: POST https://api.telegram.org/bot7677204696:AAFLU9IBU0lROegsU7aOM5dM_SPxiKk5kMo/sendMessage "HTTP/1.1 200 OK"
2025-10-15 04:04:46,661 - ia.services.transcription_service - INFO - 🎤 Iniciando transcripción de voice_7792117959_AwACAgEA
2025-10-15 04:04:48,290 - httpx - INFO - HTTP Request: POST https://api.assemblyai.com/v2/upload "HTTP/1.1 200 OK"
2025-10-15 04:04:48,568 - httpx - INFO - HTTP Request: POST https://api.assemblyai.com/v2/transcript "HTTP/1.1 200 OK"
2025-10-15 04:04:48,794 - httpx - INFO - HTTP Request: GET https://api.assemblyai.com/v2/transcript/e78cdd55-38cc-42eb-afca-0940a329b7f5 "HTTP/1.1 200 OK"
2025-10-15 04:04:52,060 - httpx - INFO - HTTP Request: GET https://api.assemblyai.com/v2/transcript/e78cdd55-38cc-42eb-afca-0940a329b7f5 "HTTP/1.1 200 OK"
2025-10-15 04:04:52,061 - ia.services.transcription_service - INFO - ✅ Transcripción completada para voice_7792117959_AwACAgEA
2025-10-15 04:04:52,917 - httpx - INFO - HTTP Request: POST https://api.telegram.org/bot7677204696:AAFLU9IBU0lROegsU7aOM5dM_SPxiKk5kMo/deleteMessage "HTTP/1.1 200 OK"
2025-10-15 04:04:52,917 - telegram_bot.handlers.messages - INFO - ✅ Audio transcrito: Mañana tengo una tarea de ingeniería de software....
2025-10-15 04:04:53,297 - httpx - INFO - HTTP Request: POST https://api.telegram.org/bot7677204696:AAFLU9IBU0lROegsU7aOM5dM_SPxiKk5kMo/sendMessage "HTTP/1.1 200 OK"
2025-10-15 04:04:53,298 - telegram_bot.bot - INFO - 🔄 Procesando consulta de usuario 7792117959: Mañana tengo una tarea de ingeniería de software....
2025-10-15 04:05:00,782 - httpx - INFO - HTTP Request: POST https://api.notion.com/v1/databases/240b849f59fd80b48af4c15a547df1a7/query "HTTP/1.1 200 OK"
2025-10-15 04:05:01,327 - httpx - INFO - HTTP Request: POST https://api.notion.com/v1/pages "HTTP/1.1 200 OK"
2025-10-15 04:05:01,329 - telegram_bot.bot - INFO - ✅ Consulta procesada con LangGraph para usuario 7792117959
2025-10-15 04:05:01,331 - telegram_bot.bot - WARNING - ⚠️ LangGraph falló: 'Settings' object has no attribute 'NOTION_DATABASE_TAREAS_ID'
2025-10-15 04:05:02,771 - httpx - INFO - HTTP Request: POST https://api.telegram.org/bot7677204696:AAFLU9IBU0lROegsU7aOM5dM_SPxiKk5kMo/getUpdates "HTTP/1.1 200 OK"
2025-10-15 04:05:03,610 - httpx - INFO - HTTP Request: POST https://api.telegram.org/bot7677204696:AAFLU9IBU0lROegsU7aOM5dM_SPxiKk5kMo/sendMessage "HTTP/1.1 200 OK"
2025-10-15 04:05:03,611 - telegram_bot.handlers.messages - INFO - ✅ Procesamiento completo de audio para usuario 7792117959
2025-10-15 04:05:13,017 - httpx - INFO - HTTP Request: POST https://api.telegram.org/bot7677204696:AAFLU9IBU0lROegsU7aOM5dM_SPxiKk5kMo/getUpdates "HTTP/1.1 200 OK"
2025-10-15 04:05:23,268 - httpx - INFO - HTTP Request: POST https://api.telegram.org/bot7677204696:AAFLU9IBU0lROegsU7aOM5dM_SPxiKk5kMo/getUpdates "HTTP/1.1 200 OK"
2025-10-15 04:05:33,500 - httpx - INFO - HTTP Request: POST https://api.telegram.org/bot7677204696:AAFLU9IBU0lROegsU7aOM5dM_SPxiKk5kMo/getUpdates "HTTP/1.1 200 OK"
2025-10-15 04:05:43,734 - httpx - INFO - HTTP Request: POST https://api.telegram.org/bot7677204696:AAFLU9IBU0lROegsU7aOM5dM_SPxiKk5kMo/getUpdates "HTTP/1.1 200 OK"
2025-10-15 04:05:53,618 - httpx - INFO - HTTP Request: POST https://api.telegram.org/bot7677204696:AAFLU9IBU0lROegsU7aOM5dM_SPxiKk5kMo/getUpdates "HTTP/1.1 200 OK"
2025-10-15 04:05:53,626 - telegram_bot.handlers.messages - INFO - 💬 Usuario 7792117959: Qué tareas tengo en curso actualmente?...
2025-10-15 04:05:54,486 - httpx - INFO - HTTP Request: POST https://api.telegram.org/bot7677204696:AAFLU9IBU0lROegsU7aOM5dM_SPxiKk5kMo/sendChatAction "HTTP/1.1 200 OK"
2025-10-15 04:05:54,487 - telegram_bot.bot - INFO - 🔄 Procesando consulta de usuario 7792117959: Qué tareas tengo en curso actualmente?...
2025-10-15 04:05:59,625 - httpx - INFO - HTTP Request: POST https://api.notion.com/v1/databases/22eb849f59fd8052b14cf4dae48d55fc/query "HTTP/1.1 200 OK"
2025-10-15 04:05:59,981 - httpx - INFO - HTTP Request: GET https://api.notion.com/v1/pages/240b849f-59fd-808d-b7ad-c0615682e6ec "HTTP/1.1 200 OK"
2025-10-15 04:06:00,298 - httpx - INFO - HTTP Request: GET https://api.notion.com/v1/pages/240b849f-59fd-8035-9e0c-e72799d2421a "HTTP/1.1 200 OK"
2025-10-15 04:06:01,183 - telegram_bot.bot - INFO - ✅ Consulta procesada con LangGraph para usuario 7792117959
2025-10-15 04:06:02,059 - httpx - INFO - HTTP Request: POST https://api.telegram.org/bot7677204696:AAFLU9IBU0lROegsU7aOM5dM_SPxiKk5kMo/sendMessage "HTTP/1.1 200 OK"
2025-10-15 04:06:02,060 - telegram_bot.handlers.messages - INFO - ✅ Respuesta enviada a usuario 7792117959
2025-10-15 04:06:03,864 - httpx - INFO - HTTP Request: POST https://api.telegram.org/bot7677204696:AAFLU9IBU0lROegsU7aOM5dM_SPxiKk5kMo/getUpdates "HTTP/1.1 200 OK"
2025-10-15 04:06:14,098 - httpx - INFO - HTTP Request: POST https://api.telegram.org/bot7677204696:AAFLU9IBU0lROegsU7aOM5dM_SPxiKk5kMo/getUpdates "HTTP/1.1 200 OK"
2025-10-15 04:06:19,706 - httpx - INFO - HTTP Request: POST https://api.telegram.org/bot7677204696:AAFLU9IBU0lROegsU7aOM5dM_SPxiKk5kMo/getUpdates "HTTP/1.1 200 OK"
2025-10-15 04:06:19,709 - telegram.ext.Application - INFO - Application is stopping. This might take a moment.
2025-10-15 04:06:19,709 - telegram.ext.Application - INFO - Application.stop() complete
2025-10-15 04:06:19,722 - telegram_bot.bot - ERROR - ❌ Error ejecutando bot: a coroutine was expected, got None
2025-10-15 04:06:19,722 - __main__ - ERROR - ❌ Error crítico ejecutando bot: a coroutine was expected, got None
2025-10-15 04:06:19,723 - __main__ - ERROR - ❌ Error fatal: a coroutine was expected, got None
2025-10-15 04:16:39,767 - __main__ - INFO - 📦 Verificando dependencias...
2025-10-15 04:16:42,107 - __main__ - INFO - ✅ python-telegram-bot v22.5 está instalado
2025-10-15 04:16:42,107 - __main__ - INFO - 🔧 Validando configuración...
2025-10-15 04:16:42,166 - __main__ - INFO - ✅ Configuración validada correctamente
2025-10-15 04:16:42,166 - __main__ - INFO - 🚀 Inicializando ELiaS...
2025-10-15 04:16:57,257 - httpx - INFO - HTTP Request: GET https://api.notion.com/v1/users/me "HTTP/1.1 200 OK"
2025-10-15 04:16:57,683 - ia.services.transcription_service - INFO - ✅ AssemblyAI configurado correctamente
2025-10-15 04:16:57,683 - ia.services.transcription_service - INFO - ✅ Servicio de transcripción AssemblyAI inicializado
2025-10-15 04:16:57,719 - __main__ - INFO - 🤖 Inicializando Telegram Bot...
2025-10-15 04:16:57,720 - telegram_bot.bot - INFO - 📋 Admin IDs parseados: [7792117959]
2025-10-15 04:16:57,720 - telegram_bot.bot - INFO - 🤖 EliasBot inicializado correctamente
2025-10-15 04:16:57,720 - __main__ - INFO - 🚀 Iniciando bot de Telegram...
2025-10-15 04:16:57,899 - telegram_bot.bot - INFO - 🔧 Handlers configurados correctamente
2025-10-15 04:16:57,899 - telegram_bot.bot - INFO - ✅ LangGraphService inicializado
2025-10-15 04:16:57,899 - telegram_bot.bot - INFO - ✅ Servicios básicos inicializados para Telegram
2025-10-15 04:16:57,900 - telegram_bot.bot - INFO - ✅ Bot construido correctamente
2025-10-15 04:16:57,900 - telegram_bot.bot - INFO - 🚀 Iniciando EliasBot...
2025-10-15 04:16:57,900 - telegram_bot.bot - INFO - 📋 Administradores: [7792117959]
2025-10-15 04:16:58,668 - httpx - INFO - HTTP Request: POST https://api.telegram.org/bot7677204696:AAFLU9IBU0lROegsU7aOM5dM_SPxiKk5kMo/getMe "HTTP/1.1 200 OK"
2025-10-15 04:16:58,903 - httpx - INFO - HTTP Request: POST https://api.telegram.org/bot7677204696:AAFLU9IBU0lROegsU7aOM5dM_SPxiKk5kMo/deleteWebhook "HTTP/1.1 200 OK"
2025-10-15 04:16:58,904 - telegram.ext.Application - INFO - Application started
2025-10-15 04:17:09,626 - httpx - INFO - HTTP Request: POST https://api.telegram.org/bot7677204696:AAFLU9IBU0lROegsU7aOM5dM_SPxiKk5kMo/getUpdates "HTTP/1.1 200 OK"
2025-10-15 04:17:10,370 - httpx - INFO - HTTP Request: POST https://api.telegram.org/bot7677204696:AAFLU9IBU0lROegsU7aOM5dM_SPxiKk5kMo/getUpdates "HTTP/1.1 200 OK"
2025-10-15 04:17:10,372 - telegram_bot.handlers.messages - INFO - 💬 Usuario 7792117959: Mañana tengo una tarea de ingeniería de software...
2025-10-15 04:17:11,207 - httpx - INFO - HTTP Request: POST https://api.telegram.org/bot7677204696:AAFLU9IBU0lROegsU7aOM5dM_SPxiKk5kMo/sendChatAction "HTTP/1.1 200 OK"
2025-10-15 04:17:11,208 - telegram_bot.bot - INFO - 🔄 Procesando consulta de usuario 7792117959: Mañana tengo una tarea de ingeniería de software...
2025-10-15 04:17:17,029 - httpx - INFO - HTTP Request: POST https://api.notion.com/v1/pages "HTTP/1.1 200 OK"
2025-10-15 04:17:17,031 - telegram_bot.bot - INFO - ✅ Consulta procesada con LangGraph para usuario 7792117959
2025-10-15 04:17:17,033 - telegram_bot.bot - WARNING - ⚠️ LangGraph falló: 'Settings' object has no attribute 'NOTION_DATABASE_TAREAS_ID'
2025-10-15 04:17:20,464 - httpx - INFO - HTTP Request: POST https://api.telegram.org/bot7677204696:AAFLU9IBU0lROegsU7aOM5dM_SPxiKk5kMo/sendMessage "HTTP/1.1 200 OK"
2025-10-15 04:17:20,466 - telegram_bot.handlers.messages - INFO - ✅ Respuesta enviada a usuario 7792117959
2025-10-15 04:17:20,612 - httpx - INFO - HTTP Request: POST https://api.telegram.org/bot7677204696:AAFLU9IBU0lROegsU7aOM5dM_SPxiKk5kMo/getUpdates "HTTP/1.1 200 OK"
2025-10-15 04:17:30,853 - httpx - INFO - HTTP Request: POST https://api.telegram.org/bot7677204696:AAFLU9IBU0lROegsU7aOM5dM_SPxiKk5kMo/getUpdates "HTTP/1.1 200 OK"
2025-10-15 04:17:41,092 - httpx - INFO - HTTP Request: POST https://api.telegram.org/bot7677204696:AAFLU9IBU0lROegsU7aOM5dM_SPxiKk5kMo/getUpdates "HTTP/1.1 200 OK"
2025-10-15 04:17:51,330 - httpx - INFO - HTTP Request: POST https://api.telegram.org/bot7677204696:AAFLU9IBU0lROegsU7aOM5dM_SPxiKk5kMo/getUpdates "HTTP/1.1 200 OK"
2025-10-15 04:18:01,571 - httpx - INFO - HTTP Request: POST https://api.telegram.org/bot7677204696:AAFLU9IBU0lROegsU7aOM5dM_SPxiKk5kMo/getUpdates "HTTP/1.1 200 OK"
2025-10-15 04:18:11,810 - httpx - INFO - HTTP Request: POST https://api.telegram.org/bot7677204696:AAFLU9IBU0lROegsU7aOM5dM_SPxiKk5kMo/getUpdates "HTTP/1.1 200 OK"
2025-10-15 04:18:15,695 - httpx - INFO - HTTP Request: POST https://api.telegram.org/bot7677204696:AAFLU9IBU0lROegsU7aOM5dM_SPxiKk5kMo/getUpdates "HTTP/1.1 200 OK"
2025-10-15 04:18:15,748 - telegram_bot.handlers.messages - INFO - 💬 Usuario 7792117959: Mañana tengo una tarea de ingeniería de software...
2025-10-15 04:18:16,678 - httpx - INFO - HTTP Request: POST https://api.telegram.org/bot7677204696:AAFLU9IBU0lROegsU7aOM5dM_SPxiKk5kMo/sendChatAction "HTTP/1.1 200 OK"
2025-10-15 04:18:16,680 - telegram_bot.bot - INFO - 🔄 Procesando consulta de usuario 7792117959: Mañana tengo una tarea de ingeniería de software...
2025-10-15 04:18:21,430 - httpx - INFO - HTTP Request: POST https://api.notion.com/v1/pages "HTTP/1.1 200 OK"
2025-10-15 04:18:21,436 - telegram_bot.bot - INFO - ✅ Consulta procesada con LangGraph para usuario 7792117959
2025-10-15 04:18:21,436 - telegram_bot.bot - WARNING - ⚠️ LangGraph falló: 'Settings' object has no attribute 'NOTION_DATABASE_TAREAS_ID'
2025-10-15 04:18:27,702 - httpx - INFO - HTTP Request: POST https://api.notion.com/v1/databases/240b849f59fd80b48af4c15a547df1a7/query "HTTP/1.1 200 OK"
2025-10-15 04:18:28,055 - httpx - INFO - HTTP Request: POST https://api.notion.com/v1/pages "HTTP/1.1 200 OK"
2025-10-15 04:18:28,064 - httpx - INFO - HTTP Request: POST https://api.telegram.org/bot7677204696:AAFLU9IBU0lROegsU7aOM5dM_SPxiKk5kMo/getUpdates "HTTP/1.1 200 OK"
2025-10-15 04:18:28,911 - httpx - INFO - HTTP Request: POST https://api.telegram.org/bot7677204696:AAFLU9IBU0lROegsU7aOM5dM_SPxiKk5kMo/sendMessage "HTTP/1.1 200 OK"
2025-10-15 04:18:28,916 - telegram_bot.handlers.messages - INFO - ✅ Respuesta enviada a usuario 7792117959
2025-10-15 04:18:38,303 - httpx - INFO - HTTP Request: POST https://api.telegram.org/bot7677204696:AAFLU9IBU0lROegsU7aOM5dM_SPxiKk5kMo/getUpdates "HTTP/1.1 200 OK"
2025-10-15 04:18:48,542 - httpx - INFO - HTTP Request: POST https://api.telegram.org/bot7677204696:AAFLU9IBU0lROegsU7aOM5dM_SPxiKk5kMo/getUpdates "HTTP/1.1 200 OK"
2025-10-15 04:18:58,782 - httpx - INFO - HTTP Request: POST https://api.telegram.org/bot7677204696:AAFLU9IBU0lROegsU7aOM5dM_SPxiKk5kMo/getUpdates "HTTP/1.1 200 OK"
2025-10-15 04:19:09,260 - httpx - INFO - HTTP Request: POST https://api.telegram.org/bot7677204696:AAFLU9IBU0lROegsU7aOM5dM_SPxiKk5kMo/getUpdates "HTTP/1.1 200 OK"
2025-10-15 04:19:19,551 - httpx - INFO - HTTP Request: POST https://api.telegram.org/bot7677204696:AAFLU9IBU0lROegsU7aOM5dM_SPxiKk5kMo/getUpdates "HTTP/1.1 200 OK"
2025-10-15 04:19:29,802 - httpx - INFO - HTTP Request: POST https://api.telegram.org/bot7677204696:AAFLU9IBU0lROegsU7aOM5dM_SPxiKk5kMo/getUpdates "HTTP/1.1 200 OK"
2025-10-15 04:19:40,072 - httpx - INFO - HTTP Request: POST https://api.telegram.org/bot7677204696:AAFLU9IBU0lROegsU7aOM5dM_SPxiKk5kMo/getUpdates "HTTP/1.1 200 OK"
2025-10-15 04:19:45,996 - httpx - INFO - HTTP Request: POST https://api.telegram.org/bot7677204696:AAFLU9IBU0lROegsU7aOM5dM_SPxiKk5kMo/getUpdates "HTTP/1.1 200 OK"
2025-10-15 04:19:45,999 - telegram.ext.Application - INFO - Application is stopping. This might take a moment.
2025-10-15 04:19:46,002 - telegram.ext.Application - INFO - Application.stop() complete
2025-10-15 04:19:46,027 - telegram_bot.bot - ERROR - ❌ Error ejecutando bot: a coroutine was expected, got None
2025-10-15 04:19:46,028 - __main__ - ERROR - ❌ Error crítico ejecutando bot: a coroutine was expected, got None
2025-10-15 04:19:46,028 - __main__ - ERROR - ❌ Error fatal: a coroutine was expected, got None
2025-10-15 04:19:51,092 - __main__ - INFO - 📦 Verificando dependencias...
2025-10-15 04:19:53,261 - __main__ - INFO - ✅ python-telegram-bot v22.5 está instalado
2025-10-15 04:19:53,261 - __main__ - INFO - 🔧 Validando configuración...
2025-10-15 04:19:53,312 - __main__ - INFO - ✅ Configuración validada correctamente
2025-10-15 04:19:53,312 - __main__ - INFO - 🚀 Inicializando ELiaS...
2025-10-15 04:20:07,840 - httpx - INFO - HTTP Request: GET https://api.notion.com/v1/users/me "HTTP/1.1 200 OK"
2025-10-15 04:20:08,292 - ia.services.transcription_service - INFO - ✅ AssemblyAI configurado correctamente
2025-10-15 04:20:08,292 - ia.services.transcription_service - INFO - ✅ Servicio de transcripción AssemblyAI inicializado
2025-10-15 04:20:08,329 - __main__ - INFO - 🤖 Inicializando Telegram Bot...
2025-10-15 04:20:08,329 - telegram_bot.bot - INFO - 📋 Admin IDs parseados: [7792117959]
2025-10-15 04:20:08,330 - telegram_bot.bot - INFO - 🤖 EliasBot inicializado correctamente
2025-10-15 04:20:08,330 - __main__ - INFO - 🚀 Iniciando bot de Telegram...
2025-10-15 04:20:08,522 - telegram_bot.bot - INFO - 🔧 Handlers configurados correctamente
2025-10-15 04:20:08,522 - telegram_bot.bot - INFO - ✅ LangGraphService inicializado
2025-10-15 04:20:08,523 - telegram_bot.bot - INFO - ✅ Servicios básicos inicializados para Telegram
2025-10-15 04:20:08,523 - telegram_bot.bot - INFO - ✅ Bot construido correctamente
2025-10-15 04:20:08,523 - telegram_bot.bot - INFO - 🚀 Iniciando EliasBot...
2025-10-15 04:20:08,523 - telegram_bot.bot - INFO - 📋 Administradores: [7792117959]
2025-10-15 04:20:09,257 - httpx - INFO - HTTP Request: POST https://api.telegram.org/bot7677204696:AAFLU9IBU0lROegsU7aOM5dM_SPxiKk5kMo/getMe "HTTP/1.1 200 OK"
2025-10-15 04:20:09,492 - httpx - INFO - HTTP Request: POST https://api.telegram.org/bot7677204696:AAFLU9IBU0lROegsU7aOM5dM_SPxiKk5kMo/deleteWebhook "HTTP/1.1 200 OK"
2025-10-15 04:20:09,493 - telegram.ext.Application - INFO - Application started
2025-10-15 04:20:17,358 - httpx - INFO - HTTP Request: POST https://api.telegram.org/bot7677204696:AAFLU9IBU0lROegsU7aOM5dM_SPxiKk5kMo/getUpdates "HTTP/1.1 200 OK"
2025-10-15 04:20:17,377 - telegram_bot.handlers.messages - INFO - 💬 Usuario 7792117959: comprar leche en 2 días...
2025-10-15 04:20:18,222 - httpx - INFO - HTTP Request: POST https://api.telegram.org/bot7677204696:AAFLU9IBU0lROegsU7aOM5dM_SPxiKk5kMo/sendChatAction "HTTP/1.1 200 OK"
2025-10-15 04:20:18,223 - telegram_bot.bot - INFO - 🔄 Procesando consulta de usuario 7792117959: comprar leche en 2 días...
2025-10-15 04:20:25,958 - httpx - INFO - HTTP Request: POST https://api.notion.com/v1/databases/240b849f59fd80b48af4c15a547df1a7/query "HTTP/1.1 200 OK"
2025-10-15 04:20:26,345 - httpx - INFO - HTTP Request: POST https://api.notion.com/v1/pages "HTTP/1.1 200 OK"
2025-10-15 04:20:26,347 - telegram_bot.bot - INFO - ✅ Consulta procesada con LangGraph para usuario 7792117959
2025-10-15 04:20:26,348 - telegram_bot.bot - WARNING - ⚠️ LangGraph falló: 'Settings' object has no attribute 'NOTION_DATABASE_TAREAS_ID'
2025-10-15 04:20:32,723 - httpx - INFO - HTTP Request: POST https://api.notion.com/v1/databases/240b849f59fd80b48af4c15a547df1a7/query "HTTP/1.1 200 OK"
2025-10-15 04:20:33,328 - httpx - INFO - HTTP Request: POST https://api.notion.com/v1/pages "HTTP/1.1 200 OK"
2025-10-15 04:20:33,338 - httpx - INFO - HTTP Request: POST https://api.telegram.org/bot7677204696:AAFLU9IBU0lROegsU7aOM5dM_SPxiKk5kMo/getUpdates "HTTP/1.1 200 OK"
2025-10-15 04:20:34,193 - httpx - INFO - HTTP Request: POST https://api.telegram.org/bot7677204696:AAFLU9IBU0lROegsU7aOM5dM_SPxiKk5kMo/sendMessage "HTTP/1.1 200 OK"
2025-10-15 04:20:34,196 - telegram_bot.handlers.messages - INFO - ✅ Respuesta enviada a usuario 7792117959
2025-10-15 04:20:43,577 - httpx - INFO - HTTP Request: POST https://api.telegram.org/bot7677204696:AAFLU9IBU0lROegsU7aOM5dM_SPxiKk5kMo/getUpdates "HTTP/1.1 200 OK"
2025-10-15 04:20:53,816 - httpx - INFO - HTTP Request: POST https://api.telegram.org/bot7677204696:AAFLU9IBU0lROegsU7aOM5dM_SPxiKk5kMo/getUpdates "HTTP/1.1 200 OK"
2025-10-15 04:21:04,057 - httpx - INFO - HTTP Request: POST https://api.telegram.org/bot7677204696:AAFLU9IBU0lROegsU7aOM5dM_SPxiKk5kMo/getUpdates "HTTP/1.1 200 OK"
2025-10-15 04:21:11,438 - httpx - INFO - HTTP Request: POST https://api.telegram.org/bot7677204696:AAFLU9IBU0lROegsU7aOM5dM_SPxiKk5kMo/getUpdates "HTTP/1.1 200 OK"
2025-10-15 04:21:11,448 - telegram_bot.handlers.messages - INFO - 💬 Usuario 7792117959: comprar leche en 2 días...
2025-10-15 04:21:12,320 - httpx - INFO - HTTP Request: POST https://api.telegram.org/bot7677204696:AAFLU9IBU0lROegsU7aOM5dM_SPxiKk5kMo/sendChatAction "HTTP/1.1 200 OK"
2025-10-15 04:21:12,321 - telegram_bot.bot - INFO - 🔄 Procesando consulta de usuario 7792117959: comprar leche en 2 días...
2025-10-15 04:21:18,653 - httpx - INFO - HTTP Request: POST https://api.notion.com/v1/databases/240b849f59fd80b48af4c15a547df1a7/query "HTTP/1.1 200 OK"
2025-10-15 04:21:19,057 - httpx - INFO - HTTP Request: POST https://api.notion.com/v1/pages "HTTP/1.1 200 OK"
2025-10-15 04:21:19,059 - telegram_bot.bot - INFO - ✅ Consulta procesada con LangGraph para usuario 7792117959
2025-10-15 04:21:19,059 - telegram_bot.bot - WARNING - ⚠️ LangGraph falló: 'Settings' object has no attribute 'NOTION_DATABASE_TAREAS_ID'
2025-10-15 04:21:24,872 - httpx - INFO - HTTP Request: POST https://api.notion.com/v1/databases/240b849f59fd80b48af4c15a547df1a7/query "HTTP/1.1 200 OK"
2025-10-15 04:21:25,459 - httpx - INFO - HTTP Request: POST https://api.notion.com/v1/pages "HTTP/1.1 200 OK"
2025-10-15 04:21:25,465 - httpx - INFO - HTTP Request: POST https://api.telegram.org/bot7677204696:AAFLU9IBU0lROegsU7aOM5dM_SPxiKk5kMo/getUpdates "HTTP/1.1 200 OK"
2025-10-15 04:21:26,383 - httpx - INFO - HTTP Request: POST https://api.telegram.org/bot7677204696:AAFLU9IBU0lROegsU7aOM5dM_SPxiKk5kMo/sendMessage "HTTP/1.1 200 OK"
2025-10-15 04:21:26,388 - telegram_bot.handlers.messages - INFO - ✅ Respuesta enviada a usuario 7792117959
2025-10-15 04:21:35,703 - httpx - INFO - HTTP Request: POST https://api.telegram.org/bot7677204696:AAFLU9IBU0lROegsU7aOM5dM_SPxiKk5kMo/getUpdates "HTTP/1.1 200 OK"
2025-10-15 04:21:45,942 - httpx - INFO - HTTP Request: POST https://api.telegram.org/bot7677204696:AAFLU9IBU0lROegsU7aOM5dM_SPxiKk5kMo/getUpdates "HTTP/1.1 200 OK"
2025-10-15 04:21:56,180 - httpx - INFO - HTTP Request: POST https://api.telegram.org/bot7677204696:AAFLU9IBU0lROegsU7aOM5dM_SPxiKk5kMo/getUpdates "HTTP/1.1 200 OK"
2025-10-15 04:22:04,337 - httpx - INFO - HTTP Request: POST https://api.telegram.org/bot7677204696:AAFLU9IBU0lROegsU7aOM5dM_SPxiKk5kMo/getUpdates "HTTP/1.1 200 OK"
2025-10-15 04:22:04,339 - telegram.ext.Application - INFO - Application is stopping. This might take a moment.
2025-10-15 04:22:04,340 - telegram.ext.Application - INFO - Application.stop() complete
2025-10-15 04:22:04,352 - telegram_bot.bot - ERROR - ❌ Error ejecutando bot: a coroutine was expected, got None
2025-10-15 04:22:04,352 - __main__ - ERROR - ❌ Error crítico ejecutando bot: a coroutine was expected, got None
2025-10-15 04:22:04,353 - __main__ - ERROR - ❌ Error fatal: a coroutine was expected, got None
2025-10-15 04:27:46,268 - __main__ - INFO - 📦 Verificando dependencias...
2025-10-15 04:27:48,307 - __main__ - INFO - ✅ python-telegram-bot v22.5 está instalado
2025-10-15 04:27:48,308 - __main__ - INFO - 🔧 Validando configuración...
2025-10-15 04:27:48,359 - __main__ - INFO - ✅ Configuración validada correctamente
2025-10-15 04:27:48,359 - __main__ - INFO - 🚀 Inicializando ELiaS...
2025-10-15 04:28:04,441 - httpx - INFO - HTTP Request: GET https://api.notion.com/v1/users/me "HTTP/1.1 200 OK"
2025-10-15 04:28:04,853 - ia.services.transcription_service - INFO - ✅ AssemblyAI configurado correctamente
2025-10-15 04:28:04,853 - ia.services.transcription_service - INFO - ✅ Servicio de transcripción AssemblyAI inicializado
2025-10-15 04:28:04,888 - __main__ - INFO - 🤖 Inicializando Telegram Bot...
2025-10-15 04:28:04,889 - telegram_bot.bot - INFO - 📋 Admin IDs parseados: [7792117959]
2025-10-15 04:28:04,889 - telegram_bot.bot - INFO - 🤖 EliasBot inicializado correctamente
2025-10-15 04:28:04,889 - __main__ - INFO - 🚀 Iniciando bot de Telegram...
2025-10-15 04:28:05,062 - telegram_bot.bot - INFO - 🔧 Handlers configurados correctamente
2025-10-15 04:28:05,063 - telegram_bot.bot - INFO - ✅ LangGraphService inicializado
2025-10-15 04:28:05,063 - telegram_bot.bot - INFO - ✅ Servicios básicos inicializados para Telegram
2025-10-15 04:28:05,063 - telegram_bot.bot - INFO - ✅ Bot construido correctamente
2025-10-15 04:28:05,068 - telegram_bot.bot - INFO - 🚀 Iniciando EliasBot...
2025-10-15 04:28:05,069 - telegram_bot.bot - INFO - 📋 Administradores: [7792117959]
2025-10-15 04:28:05,819 - httpx - INFO - HTTP Request: POST https://api.telegram.org/bot7677204696:AAFLU9IBU0lROegsU7aOM5dM_SPxiKk5kMo/getMe "HTTP/1.1 200 OK"
2025-10-15 04:28:06,052 - httpx - INFO - HTTP Request: POST https://api.telegram.org/bot7677204696:AAFLU9IBU0lROegsU7aOM5dM_SPxiKk5kMo/deleteWebhook "HTTP/1.1 200 OK"
2025-10-15 04:28:06,054 - telegram.ext.Application - INFO - Application started
2025-10-15 04:28:10,028 - httpx - INFO - HTTP Request: POST https://api.telegram.org/bot7677204696:AAFLU9IBU0lROegsU7aOM5dM_SPxiKk5kMo/getUpdates "HTTP/1.1 200 OK"
2025-10-15 04:28:10,032 - telegram_bot.handlers.messages - INFO - 💬 Usuario 7792117959: Mañana tengo una tarea de ingeniería de software...
2025-10-15 04:28:10,389 - httpx - INFO - HTTP Request: POST https://api.telegram.org/bot7677204696:AAFLU9IBU0lROegsU7aOM5dM_SPxiKk5kMo/sendChatAction "HTTP/1.1 200 OK"
2025-10-15 04:28:10,390 - telegram_bot.bot - INFO - 🔄 Procesando consulta de usuario 7792117959: Mañana tengo una tarea de ingeniería de software...
2025-10-15 04:28:17,830 - httpx - INFO - HTTP Request: POST https://api.notion.com/v1/databases/240b849f59fd80b48af4c15a547df1a7/query "HTTP/1.1 200 OK"
2025-10-15 04:28:18,438 - httpx - INFO - HTTP Request: POST https://api.notion.com/v1/pages "HTTP/1.1 200 OK"
2025-10-15 04:28:18,440 - telegram_bot.bot - INFO - ✅ Consulta procesada con LangGraph para usuario 7792117959
2025-10-15 04:28:19,300 - httpx - INFO - HTTP Request: POST https://api.telegram.org/bot7677204696:AAFLU9IBU0lROegsU7aOM5dM_SPxiKk5kMo/sendMessage "HTTP/1.1 200 OK"
2025-10-15 04:28:19,302 - telegram_bot.handlers.messages - INFO - ✅ Respuesta enviada a usuario 7792117959
2025-10-15 04:28:20,275 - httpx - INFO - HTTP Request: POST https://api.telegram.org/bot7677204696:AAFLU9IBU0lROegsU7aOM5dM_SPxiKk5kMo/getUpdates "HTTP/1.1 200 OK"
2025-10-15 04:28:30,513 - httpx - INFO - HTTP Request: POST https://api.telegram.org/bot7677204696:AAFLU9IBU0lROegsU7aOM5dM_SPxiKk5kMo/getUpdates "HTTP/1.1 200 OK"
2025-10-15 04:28:40,750 - httpx - INFO - HTTP Request: POST https://api.telegram.org/bot7677204696:AAFLU9IBU0lROegsU7aOM5dM_SPxiKk5kMo/getUpdates "HTTP/1.1 200 OK"
2025-10-15 04:28:47,917 - httpx - INFO - HTTP Request: POST https://api.telegram.org/bot7677204696:AAFLU9IBU0lROegsU7aOM5dM_SPxiKk5kMo/getUpdates "HTTP/1.1 200 OK"
2025-10-15 04:28:47,919 - telegram_bot.handlers.messages - INFO - 💬 Usuario 7792117959: comprar leche en 2 días...
2025-10-15 04:28:48,746 - httpx - INFO - HTTP Request: POST https://api.telegram.org/bot7677204696:AAFLU9IBU0lROegsU7aOM5dM_SPxiKk5kMo/sendChatAction "HTTP/1.1 200 OK"
2025-10-15 04:28:48,747 - telegram_bot.bot - INFO - 🔄 Procesando consulta de usuario 7792117959: comprar leche en 2 días...
2025-10-15 04:28:54,276 - httpx - INFO - HTTP Request: POST https://api.notion.com/v1/databases/240b849f59fd80b48af4c15a547df1a7/query "HTTP/1.1 200 OK"
2025-10-15 04:28:54,692 - httpx - INFO - HTTP Request: POST https://api.notion.com/v1/pages "HTTP/1.1 200 OK"
2025-10-15 04:28:54,694 - telegram_bot.bot - INFO - ✅ Consulta procesada con LangGraph para usuario 7792117959
2025-10-15 04:28:55,546 - httpx - INFO - HTTP Request: POST https://api.telegram.org/bot7677204696:AAFLU9IBU0lROegsU7aOM5dM_SPxiKk5kMo/sendMessage "HTTP/1.1 200 OK"
2025-10-15 04:28:55,547 - telegram_bot.handlers.messages - INFO - ✅ Respuesta enviada a usuario 7792117959
2025-10-15 04:28:58,159 - httpx - INFO - HTTP Request: POST https://api.telegram.org/bot7677204696:AAFLU9IBU0lROegsU7aOM5dM_SPxiKk5kMo/getUpdates "HTTP/1.1 200 OK"
2025-10-15 04:29:08,413 - httpx - INFO - HTTP Request: POST https://api.telegram.org/bot7677204696:AAFLU9IBU0lROegsU7aOM5dM_SPxiKk5kMo/getUpdates "HTTP/1.1 200 OK"
2025-10-15 04:29:18,655 - httpx - INFO - HTTP Request: POST https://api.telegram.org/bot7677204696:AAFLU9IBU0lROegsU7aOM5dM_SPxiKk5kMo/getUpdates "HTTP/1.1 200 OK"
2025-10-15 04:29:27,912 - httpx - INFO - HTTP Request: POST https://api.telegram.org/bot7677204696:AAFLU9IBU0lROegsU7aOM5dM_SPxiKk5kMo/getUpdates "HTTP/1.1 200 OK"
2025-10-15 04:29:27,930 - telegram_bot.handlers.messages - INFO - 🎤 Mensaje de voz recibido de usuario 7792117959 (duración: 5s)
2025-10-15 04:29:28,794 - httpx - INFO - HTTP Request: POST https://api.telegram.org/bot7677204696:AAFLU9IBU0lROegsU7aOM5dM_SPxiKk5kMo/sendChatAction "HTTP/1.1 200 OK"
2025-10-15 04:29:29,031 - httpx - INFO - HTTP Request: POST https://api.telegram.org/bot7677204696:AAFLU9IBU0lROegsU7aOM5dM_SPxiKk5kMo/getFile "HTTP/1.1 200 OK"
2025-10-15 04:29:29,540 - httpx - INFO - HTTP Request: GET https://api.telegram.org/file/bot7677204696%3AAAFLU9IBU0lROegsU7aOM5dM_SPxiKk5kMo/voice/file_33.oga "HTTP/1.1 200 OK"
2025-10-15 04:29:29,769 - telegram_bot.handlers.messages - INFO - 📥 Audio descargado: 107992 bytes
2025-10-15 04:29:30,137 - httpx - INFO - HTTP Request: POST https://api.telegram.org/bot7677204696:AAFLU9IBU0lROegsU7aOM5dM_SPxiKk5kMo/sendMessage "HTTP/1.1 200 OK"
2025-10-15 04:29:30,140 - ia.services.transcription_service - INFO - 🎤 Iniciando transcripción de voice_7792117959_AwACAgEA
2025-10-15 04:29:31,956 - httpx - INFO - HTTP Request: POST https://api.assemblyai.com/v2/upload "HTTP/1.1 200 OK"
2025-10-15 04:29:32,244 - httpx - INFO - HTTP Request: POST https://api.assemblyai.com/v2/transcript "HTTP/1.1 200 OK"
2025-10-15 04:29:32,465 - httpx - INFO - HTTP Request: GET https://api.assemblyai.com/v2/transcript/95579689-04e5-4e58-9b97-e5337145be4d "HTTP/1.1 200 OK"
2025-10-15 04:29:35,721 - httpx - INFO - HTTP Request: GET https://api.assemblyai.com/v2/transcript/95579689-04e5-4e58-9b97-e5337145be4d "HTTP/1.1 200 OK"
2025-10-15 04:29:35,722 - ia.services.transcription_service - INFO - ✅ Transcripción completada para voice_7792117959_AwACAgEA
2025-10-15 04:29:36,560 - httpx - INFO - HTTP Request: POST https://api.telegram.org/bot7677204696:AAFLU9IBU0lROegsU7aOM5dM_SPxiKk5kMo/deleteMessage "HTTP/1.1 200 OK"
2025-10-15 04:29:36,561 - telegram_bot.handlers.messages - INFO - ✅ Audio transcrito: Mañana tengo una tarea de ingeniería de software....
2025-10-15 04:29:36,931 - httpx - INFO - HTTP Request: POST https://api.telegram.org/bot7677204696:AAFLU9IBU0lROegsU7aOM5dM_SPxiKk5kMo/sendMessage "HTTP/1.1 200 OK"
2025-10-15 04:29:36,932 - telegram_bot.bot - INFO - 🔄 Procesando consulta de usuario 7792117959: Mañana tengo una tarea de ingeniería de software....
2025-10-15 04:29:41,474 - httpx - INFO - HTTP Request: POST https://api.notion.com/v1/databases/240b849f59fd80b48af4c15a547df1a7/query "HTTP/1.1 200 OK"
2025-10-15 04:29:42,096 - httpx - INFO - HTTP Request: POST https://api.notion.com/v1/pages "HTTP/1.1 200 OK"
2025-10-15 04:29:42,098 - telegram_bot.bot - INFO - ✅ Consulta procesada con LangGraph para usuario 7792117959
2025-10-15 04:29:42,102 - httpx - INFO - HTTP Request: POST https://api.telegram.org/bot7677204696:AAFLU9IBU0lROegsU7aOM5dM_SPxiKk5kMo/getUpdates "HTTP/1.1 200 OK"
2025-10-15 04:29:42,963 - httpx - INFO - HTTP Request: POST https://api.telegram.org/bot7677204696:AAFLU9IBU0lROegsU7aOM5dM_SPxiKk5kMo/sendMessage "HTTP/1.1 200 OK"
2025-10-15 04:29:42,964 - telegram_bot.handlers.messages - INFO - ✅ Procesamiento completo de audio para usuario 7792117959
2025-10-15 04:29:52,341 - httpx - INFO - HTTP Request: POST https://api.telegram.org/bot7677204696:AAFLU9IBU0lROegsU7aOM5dM_SPxiKk5kMo/getUpdates "HTTP/1.1 200 OK"
2025-10-15 04:30:02,579 - httpx - INFO - HTTP Request: POST https://api.telegram.org/bot7677204696:AAFLU9IBU0lROegsU7aOM5dM_SPxiKk5kMo/getUpdates "HTTP/1.1 200 OK"
2025-10-15 04:30:12,819 - httpx - INFO - HTTP Request: POST https://api.telegram.org/bot7677204696:AAFLU9IBU0lROegsU7aOM5dM_SPxiKk5kMo/getUpdates "HTTP/1.1 200 OK"
2025-10-15 04:30:23,059 - httpx - INFO - HTTP Request: POST https://api.telegram.org/bot7677204696:AAFLU9IBU0lROegsU7aOM5dM_SPxiKk5kMo/getUpdates "HTTP/1.1 200 OK"
2025-10-15 04:30:33,299 - httpx - INFO - HTTP Request: POST https://api.telegram.org/bot7677204696:AAFLU9IBU0lROegsU7aOM5dM_SPxiKk5kMo/getUpdates "HTTP/1.1 200 OK"
2025-10-15 04:30:43,538 - httpx - INFO - HTTP Request: POST https://api.telegram.org/bot7677204696:AAFLU9IBU0lROegsU7aOM5dM_SPxiKk5kMo/getUpdates "HTTP/1.1 200 OK"
2025-10-15 04:30:52,846 - httpx - INFO - HTTP Request: POST https://api.telegram.org/bot7677204696:AAFLU9IBU0lROegsU7aOM5dM_SPxiKk5kMo/getUpdates "HTTP/1.1 200 OK"
2025-10-15 04:30:52,862 - telegram_bot.handlers.messages - INFO - 💬 Usuario 7792117959: Cuantas tareas tengo?...
2025-10-15 04:30:53,766 - httpx - INFO - HTTP Request: POST https://api.telegram.org/bot7677204696:AAFLU9IBU0lROegsU7aOM5dM_SPxiKk5kMo/sendChatAction "HTTP/1.1 200 OK"
2025-10-15 04:30:53,767 - telegram_bot.bot - INFO - 🔄 Procesando consulta de usuario 7792117959: Cuantas tareas tengo?...
2025-10-15 04:30:55,767 - httpx - INFO - HTTP Request: POST https://api.notion.com/v1/databases/22eb849f59fd8052b14cf4dae48d55fc/query "HTTP/1.1 200 OK"
2025-10-15 04:30:56,205 - httpx - INFO - HTTP Request: GET https://api.notion.com/v1/pages/240b849f-59fd-808d-b7ad-c0615682e6ec "HTTP/1.1 200 OK"
2025-10-15 04:30:56,746 - httpx - INFO - HTTP Request: GET https://api.notion.com/v1/pages/240b849f-59fd-8035-9e0c-e72799d2421a "HTTP/1.1 200 OK"
2025-10-15 04:30:57,349 - telegram_bot.bot - INFO - ✅ Consulta procesada con LangGraph para usuario 7792117959
2025-10-15 04:30:57,714 - httpx - INFO - HTTP Request: POST https://api.telegram.org/bot7677204696:AAFLU9IBU0lROegsU7aOM5dM_SPxiKk5kMo/sendMessage "HTTP/1.1 200 OK"
2025-10-15 04:30:57,719 - telegram_bot.handlers.messages - INFO - ✅ Respuesta enviada a usuario 7792117959
2025-10-15 04:31:03,111 - httpx - INFO - HTTP Request: POST https://api.telegram.org/bot7677204696:AAFLU9IBU0lROegsU7aOM5dM_SPxiKk5kMo/getUpdates "HTTP/1.1 200 OK"
2025-10-15 04:31:13,349 - httpx - INFO - HTTP Request: POST https://api.telegram.org/bot7677204696:AAFLU9IBU0lROegsU7aOM5dM_SPxiKk5kMo/getUpdates "HTTP/1.1 200 OK"
2025-10-15 04:31:22,087 - httpx - INFO - HTTP Request: POST https://api.telegram.org/bot7677204696:AAFLU9IBU0lROegsU7aOM5dM_SPxiKk5kMo/getUpdates "HTTP/1.1 200 OK"
2025-10-15 04:31:22,089 - telegram_bot.handlers.messages - INFO - 💬 Usuario 7792117959: Dame un resumen de las tareas de la universidad pe...
2025-10-15 04:31:22,949 - httpx - INFO - HTTP Request: POST https://api.telegram.org/bot7677204696:AAFLU9IBU0lROegsU7aOM5dM_SPxiKk5kMo/sendChatAction "HTTP/1.1 200 OK"
2025-10-15 04:31:22,950 - telegram_bot.bot - INFO - 🔄 Procesando consulta de usuario 7792117959: Dame un resumen de las tareas de la universidad pe...
2025-10-15 04:31:24,592 - httpx - INFO - HTTP Request: POST https://api.notion.com/v1/databases/22eb849f59fd8052b14cf4dae48d55fc/query "HTTP/1.1 200 OK"
2025-10-15 04:31:25,608 - telegram_bot.bot - INFO - ✅ Consulta procesada con LangGraph para usuario 7792117959
2025-10-15 04:31:25,843 - httpx - INFO - HTTP Request: POST https://api.telegram.org/bot7677204696:AAFLU9IBU0lROegsU7aOM5dM_SPxiKk5kMo/sendMessage "HTTP/1.1 400 Bad Request"
2025-10-15 04:31:25,846 - telegram_bot.handlers.messages - ERROR - ❌ Error procesando consulta: Can't parse entities: can't find end of the entity starting at byte offset 227
2025-10-15 04:31:26,225 - httpx - INFO - HTTP Request: POST https://api.telegram.org/bot7677204696:AAFLU9IBU0lROegsU7aOM5dM_SPxiKk5kMo/sendMessage "HTTP/1.1 200 OK"
2025-10-15 04:31:32,333 - httpx - INFO - HTTP Request: POST https://api.telegram.org/bot7677204696:AAFLU9IBU0lROegsU7aOM5dM_SPxiKk5kMo/getUpdates "HTTP/1.1 200 OK"
2025-10-15 04:31:42,571 - httpx - INFO - HTTP Request: POST https://api.telegram.org/bot7677204696:AAFLU9IBU0lROegsU7aOM5dM_SPxiKk5kMo/getUpdates "HTTP/1.1 200 OK"
2025-10-15 04:31:52,809 - httpx - INFO - HTTP Request: POST https://api.telegram.org/bot7677204696:AAFLU9IBU0lROegsU7aOM5dM_SPxiKk5kMo/getUpdates "HTTP/1.1 200 OK"
2025-10-15 04:31:56,552 - httpx - INFO - HTTP Request: POST https://api.telegram.org/bot7677204696:AAFLU9IBU0lROegsU7aOM5dM_SPxiKk5kMo/getUpdates "HTTP/1.1 200 OK"
2025-10-15 04:31:56,554 - telegram.ext.Application - INFO - Application is stopping. This might take a moment.
2025-10-15 04:31:56,555 - telegram.ext.Application - INFO - Application.stop() complete
2025-10-15 04:31:56,576 - telegram_bot.bot - ERROR - ❌ Error ejecutando bot: a coroutine was expected, got None
2025-10-15 04:31:56,577 - __main__ - ERROR - ❌ Error crítico ejecutando bot: a coroutine was expected, got None
2025-10-15 04:31:56,578 - __main__ - ERROR - ❌ Error fatal: a coroutine was expected, got None
2025-10-21 10:20:55,526 - __main__ - INFO - 📦 Verificando dependencias...
2025-10-21 10:21:04,246 - __main__ - INFO - ✅ python-telegram-bot v22.5 está instalado
2025-10-21 10:21:04,247 - __main__ - INFO - 🔧 Validando configuración...
2025-10-21 10:21:04,493 - __main__ - INFO - ✅ Configuración validada correctamente
2025-10-21 10:21:04,494 - __main__ - INFO - 🚀 Inicializando ELiaS...
2025-10-21 10:23:31,886 - __main__ - INFO - 👋 Bot detenido por el usuario
2025-10-21 10:24:04,210 - __main__ - INFO - 📦 Verificando dependencias...
2025-10-21 10:24:14,393 - __main__ - INFO - ✅ python-telegram-bot v22.5 está instalado
2025-10-21 10:24:14,394 - __main__ - INFO - 🔧 Validando configuración...
2025-10-21 10:24:14,519 - __main__ - INFO - ✅ Configuración validada correctamente
2025-10-21 10:24:14,519 - __main__ - INFO - 🚀 Inicializando ELiaS...
2025-10-21 10:25:15,990 - httpx - INFO - HTTP Request: GET https://api.notion.com/v1/users/me "HTTP/1.1 200 OK"
2025-10-21 10:25:17,901 - ia.services.transcription_service - INFO - ✅ AssemblyAI configurado correctamente
2025-10-21 10:25:17,903 - ia.services.transcription_service - INFO - ✅ Servicio de transcripción AssemblyAI inicializado
2025-10-21 10:25:18,118 - __main__ - INFO - 🤖 Inicializando Telegram Bot...
2025-10-21 10:25:18,119 - telegram_bot.bot - INFO - 📋 Admin IDs parseados: [7792117959]
2025-10-21 10:25:18,119 - telegram_bot.bot - INFO - 🤖 EliasBot inicializado correctamente
2025-10-21 10:25:18,120 - __main__ - INFO - 🚀 Iniciando bot de Telegram...
2025-10-21 10:25:18,596 - telegram_bot.bot - INFO - 🔧 Handlers configurados correctamente
2025-10-21 10:25:18,596 - telegram_bot.bot - INFO - ✅ LangGraphService inicializado
2025-10-21 10:25:18,597 - telegram_bot.bot - INFO - ✅ Servicios básicos inicializados para Telegram
2025-10-21 10:25:18,597 - telegram_bot.bot - INFO - ✅ Bot construido correctamente
2025-10-21 10:25:18,598 - telegram_bot.bot - INFO - 🚀 Iniciando EliasBot...
2025-10-21 10:25:18,599 - telegram_bot.bot - INFO - 📋 Administradores: [7792117959]
2025-10-21 10:25:19,225 - httpx - INFO - HTTP Request: POST https://api.telegram.org/bot7677204696:AAFLU9IBU0lROegsU7aOM5dM_SPxiKk5kMo/getMe "HTTP/1.1 200 OK"
2025-10-21 10:25:19,471 - httpx - INFO - HTTP Request: POST https://api.telegram.org/bot7677204696:AAFLU9IBU0lROegsU7aOM5dM_SPxiKk5kMo/deleteWebhook "HTTP/1.1 200 OK"
2025-10-21 10:25:19,476 - telegram.ext.Application - INFO - Application started
2025-10-21 10:25:30,942 - httpx - INFO - HTTP Request: POST https://api.telegram.org/bot7677204696:AAFLU9IBU0lROegsU7aOM5dM_SPxiKk5kMo/getUpdates "HTTP/1.1 200 OK"
2025-10-21 10:25:41,598 - httpx - INFO - HTTP Request: POST https://api.telegram.org/bot7677204696:AAFLU9IBU0lROegsU7aOM5dM_SPxiKk5kMo/getUpdates "HTTP/1.1 200 OK"
2025-10-21 10:25:51,216 - httpx - INFO - HTTP Request: POST https://api.telegram.org/bot7677204696:AAFLU9IBU0lROegsU7aOM5dM_SPxiKk5kMo/getUpdates "HTTP/1.1 200 OK"
2025-10-21 10:26:02,040 - httpx - INFO - HTTP Request: POST https://api.telegram.org/bot7677204696:AAFLU9IBU0lROegsU7aOM5dM_SPxiKk5kMo/getUpdates "HTTP/1.1 200 OK"
2025-10-21 10:26:12,682 - httpx - INFO - HTTP Request: POST https://api.telegram.org/bot7677204696:AAFLU9IBU0lROegsU7aOM5dM_SPxiKk5kMo/getUpdates "HTTP/1.1 200 OK"
2025-10-21 10:26:21,967 - httpx - INFO - HTTP Request: POST https://api.telegram.org/bot7677204696:AAFLU9IBU0lROegsU7aOM5dM_SPxiKk5kMo/getUpdates "HTTP/1.1 200 OK"
2025-10-21 10:26:32,525 - httpx - INFO - HTTP Request: POST https://api.telegram.org/bot7677204696:AAFLU9IBU0lROegsU7aOM5dM_SPxiKk5kMo/getUpdates "HTTP/1.1 200 OK"
2025-10-21 10:26:43,183 - httpx - INFO - HTTP Request: POST https://api.telegram.org/bot7677204696:AAFLU9IBU0lROegsU7aOM5dM_SPxiKk5kMo/getUpdates "HTTP/1.1 200 OK"
2025-10-21 10:26:53,778 - httpx - INFO - HTTP Request: POST https://api.telegram.org/bot7677204696:AAFLU9IBU0lROegsU7aOM5dM_SPxiKk5kMo/getUpdates "HTTP/1.1 200 OK"
2025-10-21 10:27:03,340 - httpx - INFO - HTTP Request: POST https://api.telegram.org/bot7677204696:AAFLU9IBU0lROegsU7aOM5dM_SPxiKk5kMo/getUpdates "HTTP/1.1 200 OK"
2025-10-21 10:27:14,031 - httpx - INFO - HTTP Request: POST https://api.telegram.org/bot7677204696:AAFLU9IBU0lROegsU7aOM5dM_SPxiKk5kMo/getUpdates "HTTP/1.1 200 OK"
2025-10-21 10:27:24,759 - httpx - INFO - HTTP Request: POST https://api.telegram.org/bot7677204696:AAFLU9IBU0lROegsU7aOM5dM_SPxiKk5kMo/getUpdates "HTTP/1.1 200 OK"
2025-10-21 10:27:34,477 - httpx - INFO - HTTP Request: POST https://api.telegram.org/bot7677204696:AAFLU9IBU0lROegsU7aOM5dM_SPxiKk5kMo/getUpdates "HTTP/1.1 200 OK"
2025-10-21 10:27:45,241 - httpx - INFO - HTTP Request: POST https://api.telegram.org/bot7677204696:AAFLU9IBU0lROegsU7aOM5dM_SPxiKk5kMo/getUpdates "HTTP/1.1 200 OK"
2025-10-21 10:27:58,175 - httpx - INFO - HTTP Request: POST https://api.telegram.org/bot7677204696:AAFLU9IBU0lROegsU7aOM5dM_SPxiKk5kMo/getUpdates "HTTP/1.1 200 OK"
2025-10-21 10:28:08,860 - httpx - INFO - HTTP Request: POST https://api.telegram.org/bot7677204696:AAFLU9IBU0lROegsU7aOM5dM_SPxiKk5kMo/getUpdates "HTTP/1.1 200 OK"
2025-10-21 10:28:19,456 - httpx - INFO - HTTP Request: POST https://api.telegram.org/bot7677204696:AAFLU9IBU0lROegsU7aOM5dM_SPxiKk5kMo/getUpdates "HTTP/1.1 200 OK"
2025-10-21 10:28:28,948 - httpx - INFO - HTTP Request: POST https://api.telegram.org/bot7677204696:AAFLU9IBU0lROegsU7aOM5dM_SPxiKk5kMo/getUpdates "HTTP/1.1 200 OK"
2025-10-21 10:28:39,856 - httpx - INFO - HTTP Request: POST https://api.telegram.org/bot7677204696:AAFLU9IBU0lROegsU7aOM5dM_SPxiKk5kMo/getUpdates "HTTP/1.1 200 OK"
2025-10-21 10:28:50,452 - httpx - INFO - HTTP Request: POST https://api.telegram.org/bot7677204696:AAFLU9IBU0lROegsU7aOM5dM_SPxiKk5kMo/getUpdates "HTTP/1.1 200 OK"
2025-10-21 10:29:15,188 - httpx - INFO - HTTP Request: POST https://api.telegram.org/bot7677204696:AAFLU9IBU0lROegsU7aOM5dM_SPxiKk5kMo/getUpdates "HTTP/1.1 200 OK"
2025-10-21 10:29:26,432 - httpx - INFO - HTTP Request: POST https://api.telegram.org/bot7677204696:AAFLU9IBU0lROegsU7aOM5dM_SPxiKk5kMo/getUpdates "HTTP/1.1 200 OK"
2025-10-21 10:29:37,122 - httpx - INFO - HTTP Request: POST https://api.telegram.org/bot7677204696:AAFLU9IBU0lROegsU7aOM5dM_SPxiKk5kMo/getUpdates "HTTP/1.1 200 OK"
2025-10-21 10:29:47,040 - httpx - INFO - HTTP Request: POST https://api.telegram.org/bot7677204696:AAFLU9IBU0lROegsU7aOM5dM_SPxiKk5kMo/getUpdates "HTTP/1.1 200 OK"
2025-10-21 10:29:57,666 - httpx - INFO - HTTP Request: POST https://api.telegram.org/bot7677204696:AAFLU9IBU0lROegsU7aOM5dM_SPxiKk5kMo/getUpdates "HTTP/1.1 200 OK"
2025-10-21 10:30:09,082 - httpx - INFO - HTTP Request: POST https://api.telegram.org/bot7677204696:AAFLU9IBU0lROegsU7aOM5dM_SPxiKk5kMo/getUpdates "HTTP/1.1 200 OK"
2025-10-21 10:30:18,757 - httpx - INFO - HTTP Request: POST https://api.telegram.org/bot7677204696:AAFLU9IBU0lROegsU7aOM5dM_SPxiKk5kMo/getUpdates "HTTP/1.1 200 OK"
2025-10-21 10:30:29,493 - httpx - INFO - HTTP Request: POST https://api.telegram.org/bot7677204696:AAFLU9IBU0lROegsU7aOM5dM_SPxiKk5kMo/getUpdates "HTTP/1.1 200 OK"
2025-10-21 10:30:40,135 - httpx - INFO - HTTP Request: POST https://api.telegram.org/bot7677204696:AAFLU9IBU0lROegsU7aOM5dM_SPxiKk5kMo/getUpdates "HTTP/1.1 200 OK"
2025-10-21 10:30:49,621 - httpx - INFO - HTTP Request: POST https://api.telegram.org/bot7677204696:AAFLU9IBU0lROegsU7aOM5dM_SPxiKk5kMo/getUpdates "HTTP/1.1 200 OK"
2025-10-21 10:31:00,356 - httpx - INFO - HTTP Request: POST https://api.telegram.org/bot7677204696:AAFLU9IBU0lROegsU7aOM5dM_SPxiKk5kMo/getUpdates "HTTP/1.1 200 OK"
2025-10-21 10:31:11,644 - httpx - INFO - HTTP Request: POST https://api.telegram.org/bot7677204696:AAFLU9IBU0lROegsU7aOM5dM_SPxiKk5kMo/getUpdates "HTTP/1.1 200 OK"
2025-10-21 10:31:22,580 - httpx - INFO - HTTP Request: POST https://api.telegram.org/bot7677204696:AAFLU9IBU0lROegsU7aOM5dM_SPxiKk5kMo/getUpdates "HTTP/1.1 200 OK"
2025-10-21 10:31:32,995 - httpx - INFO - HTTP Request: POST https://api.telegram.org/bot7677204696:AAFLU9IBU0lROegsU7aOM5dM_SPxiKk5kMo/getUpdates "HTTP/1.1 200 OK"
2025-10-21 10:31:42,926 - httpx - INFO - HTTP Request: POST https://api.telegram.org/bot7677204696:AAFLU9IBU0lROegsU7aOM5dM_SPxiKk5kMo/getUpdates "HTTP/1.1 200 OK"
2025-10-21 10:31:52,816 - httpx - INFO - HTTP Request: POST https://api.telegram.org/bot7677204696:AAFLU9IBU0lROegsU7aOM5dM_SPxiKk5kMo/getUpdates "HTTP/1.1 200 OK"
2025-10-21 10:32:03,677 - httpx - INFO - HTTP Request: POST https://api.telegram.org/bot7677204696:AAFLU9IBU0lROegsU7aOM5dM_SPxiKk5kMo/getUpdates "HTTP/1.1 200 OK"
2025-10-21 10:32:13,002 - httpx - INFO - HTTP Request: POST https://api.telegram.org/bot7677204696:AAFLU9IBU0lROegsU7aOM5dM_SPxiKk5kMo/getUpdates "HTTP/1.1 200 OK"
2025-10-21 10:32:23,733 - httpx - INFO - HTTP Request: POST https://api.telegram.org/bot7677204696:AAFLU9IBU0lROegsU7aOM5dM_SPxiKk5kMo/getUpdates "HTTP/1.1 200 OK"
2025-10-21 10:32:34,620 - httpx - INFO - HTTP Request: POST https://api.telegram.org/bot7677204696:AAFLU9IBU0lROegsU7aOM5dM_SPxiKk5kMo/getUpdates "HTTP/1.1 200 OK"
2025-10-21 10:32:43,880 - httpx - INFO - HTTP Request: POST https://api.telegram.org/bot7677204696:AAFLU9IBU0lROegsU7aOM5dM_SPxiKk5kMo/getUpdates "HTTP/1.1 200 OK"
2025-10-21 10:32:54,494 - httpx - INFO - HTTP Request: POST https://api.telegram.org/bot7677204696:AAFLU9IBU0lROegsU7aOM5dM_SPxiKk5kMo/getUpdates "HTTP/1.1 200 OK"
2025-10-21 10:33:04,443 - httpx - INFO - HTTP Request: POST https://api.telegram.org/bot7677204696:AAFLU9IBU0lROegsU7aOM5dM_SPxiKk5kMo/getUpdates "HTTP/1.1 200 OK"
2025-10-21 10:33:14,745 - httpx - INFO - HTTP Request: POST https://api.telegram.org/bot7677204696:AAFLU9IBU0lROegsU7aOM5dM_SPxiKk5kMo/getUpdates "HTTP/1.1 200 OK"
2025-10-21 10:33:25,564 - httpx - INFO - HTTP Request: POST https://api.telegram.org/bot7677204696:AAFLU9IBU0lROegsU7aOM5dM_SPxiKk5kMo/getUpdates "HTTP/1.1 200 OK"
2025-10-21 10:33:36,265 - httpx - INFO - HTTP Request: POST https://api.telegram.org/bot7677204696:AAFLU9IBU0lROegsU7aOM5dM_SPxiKk5kMo/getUpdates "HTTP/1.1 200 OK"
2025-10-21 10:33:45,317 - httpx - INFO - HTTP Request: POST https://api.telegram.org/bot7677204696:AAFLU9IBU0lROegsU7aOM5dM_SPxiKk5kMo/getUpdates "HTTP/1.1 200 OK"
2025-10-21 10:33:55,720 - httpx - INFO - HTTP Request: POST https://api.telegram.org/bot7677204696:AAFLU9IBU0lROegsU7aOM5dM_SPxiKk5kMo/getUpdates "HTTP/1.1 200 OK"
2025-10-21 10:34:06,447 - httpx - INFO - HTTP Request: POST https://api.telegram.org/bot7677204696:AAFLU9IBU0lROegsU7aOM5dM_SPxiKk5kMo/getUpdates "HTTP/1.1 200 OK"
2025-10-21 10:34:16,141 - httpx - INFO - HTTP Request: POST https://api.telegram.org/bot7677204696:AAFLU9IBU0lROegsU7aOM5dM_SPxiKk5kMo/getUpdates "HTTP/1.1 200 OK"
2025-10-21 10:34:26,862 - httpx - INFO - HTTP Request: POST https://api.telegram.org/bot7677204696:AAFLU9IBU0lROegsU7aOM5dM_SPxiKk5kMo/getUpdates "HTTP/1.1 200 OK"
2025-10-21 10:34:37,488 - httpx - INFO - HTTP Request: POST https://api.telegram.org/bot7677204696:AAFLU9IBU0lROegsU7aOM5dM_SPxiKk5kMo/getUpdates "HTTP/1.1 200 OK"
2025-10-21 10:34:46,920 - httpx - INFO - HTTP Request: POST https://api.telegram.org/bot7677204696:AAFLU9IBU0lROegsU7aOM5dM_SPxiKk5kMo/getUpdates "HTTP/1.1 200 OK"
2025-10-21 10:34:57,491 - httpx - INFO - HTTP Request: POST https://api.telegram.org/bot7677204696:AAFLU9IBU0lROegsU7aOM5dM_SPxiKk5kMo/getUpdates "HTTP/1.1 200 OK"
2025-10-21 10:35:08,485 - httpx - INFO - HTTP Request: POST https://api.telegram.org/bot7677204696:AAFLU9IBU0lROegsU7aOM5dM_SPxiKk5kMo/getUpdates "HTTP/1.1 200 OK"
2025-10-21 10:35:12,345 - httpx - INFO - HTTP Request: POST https://api.telegram.org/bot7677204696:AAFLU9IBU0lROegsU7aOM5dM_SPxiKk5kMo/getUpdates "HTTP/1.1 200 OK"
2025-10-21 10:35:12,491 - telegram_bot.handlers.messages - INFO - 💬 Usuario 7792117959: mañana tengo prueba de redes...
2025-10-21 10:35:13,924 - httpx - INFO - HTTP Request: POST https://api.telegram.org/bot7677204696:AAFLU9IBU0lROegsU7aOM5dM_SPxiKk5kMo/sendChatAction "HTTP/1.1 200 OK"
2025-10-21 10:35:13,936 - telegram_bot.bot - INFO - 🔄 Procesando consulta de usuario 7792117959: mañana tengo prueba de redes...
2025-10-21 10:35:22,334 - httpx - INFO - HTTP Request: POST https://api.notion.com/v1/databases/240b849f59fd80b48af4c15a547df1a7/query "HTTP/1.1 200 OK"
2025-10-21 10:35:22,878 - httpx - INFO - HTTP Request: POST https://api.notion.com/v1/pages "HTTP/1.1 200 OK"
2025-10-21 10:35:22,886 - telegram_bot.bot - INFO - ✅ Consulta procesada con LangGraph para usuario 7792117959
2025-10-21 10:35:22,902 - httpx - INFO - HTTP Request: POST https://api.telegram.org/bot7677204696:AAFLU9IBU0lROegsU7aOM5dM_SPxiKk5kMo/getUpdates "HTTP/1.1 200 OK"
2025-10-21 10:35:23,851 - httpx - INFO - HTTP Request: POST https://api.telegram.org/bot7677204696:AAFLU9IBU0lROegsU7aOM5dM_SPxiKk5kMo/sendMessage "HTTP/1.1 200 OK"
2025-10-21 10:35:23,858 - telegram_bot.handlers.messages - INFO - ✅ Respuesta enviada a usuario 7792117959
2025-10-21 10:35:33,704 - httpx - INFO - HTTP Request: POST https://api.telegram.org/bot7677204696:AAFLU9IBU0lROegsU7aOM5dM_SPxiKk5kMo/getUpdates "HTTP/1.1 200 OK"
2025-10-21 10:35:44,398 - httpx - INFO - HTTP Request: POST https://api.telegram.org/bot7677204696:AAFLU9IBU0lROegsU7aOM5dM_SPxiKk5kMo/getUpdates "HTTP/1.1 200 OK"
2025-10-21 10:35:53,840 - httpx - INFO - HTTP Request: POST https://api.telegram.org/bot7677204696:AAFLU9IBU0lROegsU7aOM5dM_SPxiKk5kMo/getUpdates "HTTP/1.1 200 OK"
2025-10-21 10:36:04,920 - httpx - INFO - HTTP Request: POST https://api.telegram.org/bot7677204696:AAFLU9IBU0lROegsU7aOM5dM_SPxiKk5kMo/getUpdates "HTTP/1.1 200 OK"
2025-10-21 10:36:15,512 - httpx - INFO - HTTP Request: POST https://api.telegram.org/bot7677204696:AAFLU9IBU0lROegsU7aOM5dM_SPxiKk5kMo/getUpdates "HTTP/1.1 200 OK"
2025-10-21 10:36:25,064 - httpx - INFO - HTTP Request: POST https://api.telegram.org/bot7677204696:AAFLU9IBU0lROegsU7aOM5dM_SPxiKk5kMo/getUpdates "HTTP/1.1 200 OK"
2025-10-21 10:36:35,998 - httpx - INFO - HTTP Request: POST https://api.telegram.org/bot7677204696:AAFLU9IBU0lROegsU7aOM5dM_SPxiKk5kMo/getUpdates "HTTP/1.1 200 OK"
2025-10-21 10:36:39,140 - httpx - INFO - HTTP Request: POST https://api.telegram.org/bot7677204696:AAFLU9IBU0lROegsU7aOM5dM_SPxiKk5kMo/getUpdates "HTTP/1.1 200 OK"
2025-10-21 10:36:39,143 - telegram_bot.handlers.messages - INFO - 💬 Usuario 7792117959: Que tareas tengo pendientes?...
2025-10-21 10:36:43,027 - httpx - INFO - HTTP Request: POST https://api.telegram.org/bot7677204696:AAFLU9IBU0lROegsU7aOM5dM_SPxiKk5kMo/sendChatAction "HTTP/1.1 200 OK"
2025-10-21 10:36:43,030 - telegram_bot.bot - INFO - 🔄 Procesando consulta de usuario 7792117959: Que tareas tengo pendientes?...
2025-10-21 10:36:45,526 - httpx - INFO - HTTP Request: POST https://api.notion.com/v1/databases/22eb849f59fd8052b14cf4dae48d55fc/query "HTTP/1.1 200 OK"
2025-10-21 10:36:47,286 - httpx - INFO - HTTP Request: GET https://api.notion.com/v1/pages/240b849f-59fd-808d-b7ad-c0615682e6ec "HTTP/1.1 200 OK"
2025-10-21 10:36:48,598 - telegram_bot.bot - INFO - ✅ Consulta procesada con LangGraph para usuario 7792117959
2025-10-21 10:36:50,146 - httpx - INFO - HTTP Request: POST https://api.telegram.org/bot7677204696:AAFLU9IBU0lROegsU7aOM5dM_SPxiKk5kMo/getUpdates "HTTP/1.1 200 OK"
2025-10-21 10:36:50,206 - httpx - INFO - HTTP Request: POST https://api.telegram.org/bot7677204696:AAFLU9IBU0lROegsU7aOM5dM_SPxiKk5kMo/sendMessage "HTTP/1.1 400 Bad Request"
2025-10-21 10:36:50,214 - telegram_bot.handlers.messages - ERROR - ❌ Error procesando consulta: Can't parse entities: can't find end of the entity starting at byte offset 94
2025-10-21 10:36:50,730 - httpx - INFO - HTTP Request: POST https://api.telegram.org/bot7677204696:AAFLU9IBU0lROegsU7aOM5dM_SPxiKk5kMo/sendMessage "HTTP/1.1 200 OK"
2025-10-21 10:36:59,622 - httpx - INFO - HTTP Request: POST https://api.telegram.org/bot7677204696:AAFLU9IBU0lROegsU7aOM5dM_SPxiKk5kMo/getUpdates "HTTP/1.1 200 OK"
2025-10-21 10:37:10,401 - httpx - INFO - HTTP Request: POST https://api.telegram.org/bot7677204696:AAFLU9IBU0lROegsU7aOM5dM_SPxiKk5kMo/getUpdates "HTTP/1.1 200 OK"
2025-10-21 10:37:21,189 - httpx - INFO - HTTP Request: POST https://api.telegram.org/bot7677204696:AAFLU9IBU0lROegsU7aOM5dM_SPxiKk5kMo/getUpdates "HTTP/1.1 200 OK"
2025-10-21 10:37:30,507 - httpx - INFO - HTTP Request: POST https://api.telegram.org/bot7677204696:AAFLU9IBU0lROegsU7aOM5dM_SPxiKk5kMo/getUpdates "HTTP/1.1 200 OK"
2025-10-21 10:37:41,321 - httpx - INFO - HTTP Request: POST https://api.telegram.org/bot7677204696:AAFLU9IBU0lROegsU7aOM5dM_SPxiKk5kMo/getUpdates "HTTP/1.1 200 OK"
2025-10-21 10:37:52,249 - httpx - INFO - HTTP Request: POST https://api.telegram.org/bot7677204696:AAFLU9IBU0lROegsU7aOM5dM_SPxiKk5kMo/getUpdates "HTTP/1.1 200 OK"
2025-10-21 10:38:01,646 - httpx - INFO - HTTP Request: POST https://api.telegram.org/bot7677204696:AAFLU9IBU0lROegsU7aOM5dM_SPxiKk5kMo/getUpdates "HTTP/1.1 200 OK"
2025-10-21 10:38:12,426 - httpx - INFO - HTTP Request: POST https://api.telegram.org/bot7677204696:AAFLU9IBU0lROegsU7aOM5dM_SPxiKk5kMo/getUpdates "HTTP/1.1 200 OK"
2025-10-21 10:38:23,120 - httpx - INFO - HTTP Request: POST https://api.telegram.org/bot7677204696:AAFLU9IBU0lROegsU7aOM5dM_SPxiKk5kMo/getUpdates "HTTP/1.1 200 OK"
2025-10-21 10:38:32,706 - httpx - INFO - HTTP Request: POST https://api.telegram.org/bot7677204696:AAFLU9IBU0lROegsU7aOM5dM_SPxiKk5kMo/getUpdates "HTTP/1.1 200 OK"
2025-10-21 10:38:43,576 - httpx - INFO - HTTP Request: POST https://api.telegram.org/bot7677204696:AAFLU9IBU0lROegsU7aOM5dM_SPxiKk5kMo/getUpdates "HTTP/1.1 200 OK"
2025-10-21 10:38:55,713 - httpx - INFO - HTTP Request: POST https://api.telegram.org/bot7677204696:AAFLU9IBU0lROegsU7aOM5dM_SPxiKk5kMo/getUpdates "HTTP/1.1 200 OK"
2025-10-21 10:39:05,719 - httpx - INFO - HTTP Request: POST https://api.telegram.org/bot7677204696:AAFLU9IBU0lROegsU7aOM5dM_SPxiKk5kMo/getUpdates "HTTP/1.1 200 OK"
2025-10-21 10:39:16,599 - httpx - INFO - HTTP Request: POST https://api.telegram.org/bot7677204696:AAFLU9IBU0lROegsU7aOM5dM_SPxiKk5kMo/getUpdates "HTTP/1.1 200 OK"
2025-10-21 10:39:27,184 - httpx - INFO - HTTP Request: POST https://api.telegram.org/bot7677204696:AAFLU9IBU0lROegsU7aOM5dM_SPxiKk5kMo/getUpdates "HTTP/1.1 200 OK"
2025-10-21 10:39:36,578 - httpx - INFO - HTTP Request: POST https://api.telegram.org/bot7677204696:AAFLU9IBU0lROegsU7aOM5dM_SPxiKk5kMo/getUpdates "HTTP/1.1 200 OK"
2025-10-21 10:39:47,369 - httpx - INFO - HTTP Request: POST https://api.telegram.org/bot7677204696:AAFLU9IBU0lROegsU7aOM5dM_SPxiKk5kMo/getUpdates "HTTP/1.1 200 OK"
2025-10-21 10:39:57,964 - httpx - INFO - HTTP Request: POST https://api.telegram.org/bot7677204696:AAFLU9IBU0lROegsU7aOM5dM_SPxiKk5kMo/getUpdates "HTTP/1.1 200 OK"
2025-10-21 10:40:07,493 - httpx - INFO - HTTP Request: POST https://api.telegram.org/bot7677204696:AAFLU9IBU0lROegsU7aOM5dM_SPxiKk5kMo/getUpdates "HTTP/1.1 200 OK"
2025-10-21 10:40:18,240 - httpx - INFO - HTTP Request: POST https://api.telegram.org/bot7677204696:AAFLU9IBU0lROegsU7aOM5dM_SPxiKk5kMo/getUpdates "HTTP/1.1 200 OK"
2025-10-21 10:40:28,953 - httpx - INFO - HTTP Request: POST https://api.telegram.org/bot7677204696:AAFLU9IBU0lROegsU7aOM5dM_SPxiKk5kMo/getUpdates "HTTP/1.1 200 OK"
2025-10-21 10:40:38,552 - httpx - INFO - HTTP Request: POST https://api.telegram.org/bot7677204696:AAFLU9IBU0lROegsU7aOM5dM_SPxiKk5kMo/getUpdates "HTTP/1.1 200 OK"
2025-10-21 10:40:49,195 - httpx - INFO - HTTP Request: POST https://api.telegram.org/bot7677204696:AAFLU9IBU0lROegsU7aOM5dM_SPxiKk5kMo/getUpdates "HTTP/1.1 200 OK"
2025-10-21 10:40:59,898 - httpx - INFO - HTTP Request: POST https://api.telegram.org/bot7677204696:AAFLU9IBU0lROegsU7aOM5dM_SPxiKk5kMo/getUpdates "HTTP/1.1 200 OK"
2025-10-21 10:41:09,180 - httpx - INFO - HTTP Request: POST https://api.telegram.org/bot7677204696:AAFLU9IBU0lROegsU7aOM5dM_SPxiKk5kMo/getUpdates "HTTP/1.1 200 OK"
2025-10-21 10:41:20,096 - httpx - INFO - HTTP Request: POST https://api.telegram.org/bot7677204696:AAFLU9IBU0lROegsU7aOM5dM_SPxiKk5kMo/getUpdates "HTTP/1.1 200 OK"
2025-10-21 10:41:30,715 - httpx - INFO - HTTP Request: POST https://api.telegram.org/bot7677204696:AAFLU9IBU0lROegsU7aOM5dM_SPxiKk5kMo/getUpdates "HTTP/1.1 200 OK"
2025-10-21 10:41:40,219 - httpx - INFO - HTTP Request: POST https://api.telegram.org/bot7677204696:AAFLU9IBU0lROegsU7aOM5dM_SPxiKk5kMo/getUpdates "HTTP/1.1 200 OK"
2025-10-21 10:41:51,273 - httpx - INFO - HTTP Request: POST https://api.telegram.org/bot7677204696:AAFLU9IBU0lROegsU7aOM5dM_SPxiKk5kMo/getUpdates "HTTP/1.1 200 OK"
2025-10-21 10:42:01,973 - httpx - INFO - HTTP Request: POST https://api.telegram.org/bot7677204696:AAFLU9IBU0lROegsU7aOM5dM_SPxiKk5kMo/getUpdates "HTTP/1.1 200 OK"
2025-10-21 10:42:11,031 - httpx - INFO - HTTP Request: POST https://api.telegram.org/bot7677204696:AAFLU9IBU0lROegsU7aOM5dM_SPxiKk5kMo/getUpdates "HTTP/1.1 200 OK"
2025-10-21 10:42:21,906 - httpx - INFO - HTTP Request: POST https://api.telegram.org/bot7677204696:AAFLU9IBU0lROegsU7aOM5dM_SPxiKk5kMo/getUpdates "HTTP/1.1 200 OK"
2025-10-21 10:42:32,606 - httpx - INFO - HTTP Request: POST https://api.telegram.org/bot7677204696:AAFLU9IBU0lROegsU7aOM5dM_SPxiKk5kMo/getUpdates "HTTP/1.1 200 OK"
2025-10-21 10:42:42,281 - httpx - INFO - HTTP Request: POST https://api.telegram.org/bot7677204696:AAFLU9IBU0lROegsU7aOM5dM_SPxiKk5kMo/getUpdates "HTTP/1.1 200 OK"
2025-10-21 10:42:52,920 - httpx - INFO - HTTP Request: POST https://api.telegram.org/bot7677204696:AAFLU9IBU0lROegsU7aOM5dM_SPxiKk5kMo/getUpdates "HTTP/1.1 200 OK"
2025-10-21 10:43:03,606 - httpx - INFO - HTTP Request: POST https://api.telegram.org/bot7677204696:AAFLU9IBU0lROegsU7aOM5dM_SPxiKk5kMo/getUpdates "HTTP/1.1 200 OK"
2025-10-21 10:43:13,156 - httpx - INFO - HTTP Request: POST https://api.telegram.org/bot7677204696:AAFLU9IBU0lROegsU7aOM5dM_SPxiKk5kMo/getUpdates "HTTP/1.1 200 OK"
2025-10-21 10:43:23,898 - httpx - INFO - HTTP Request: POST https://api.telegram.org/bot7677204696:AAFLU9IBU0lROegsU7aOM5dM_SPxiKk5kMo/getUpdates "HTTP/1.1 200 OK"
2025-10-21 10:43:34,631 - httpx - INFO - HTTP Request: POST https://api.telegram.org/bot7677204696:AAFLU9IBU0lROegsU7aOM5dM_SPxiKk5kMo/getUpdates "HTTP/1.1 200 OK"
2025-10-21 10:43:44,037 - httpx - INFO - HTTP Request: POST https://api.telegram.org/bot7677204696:AAFLU9IBU0lROegsU7aOM5dM_SPxiKk5kMo/getUpdates "HTTP/1.1 200 OK"
2025-10-21 10:43:54,784 - httpx - INFO - HTTP Request: POST https://api.telegram.org/bot7677204696:AAFLU9IBU0lROegsU7aOM5dM_SPxiKk5kMo/getUpdates "HTTP/1.1 200 OK"
2025-10-21 10:44:05,548 - httpx - INFO - HTTP Request: POST https://api.telegram.org/bot7677204696:AAFLU9IBU0lROegsU7aOM5dM_SPxiKk5kMo/getUpdates "HTTP/1.1 200 OK"
2025-10-21 10:44:15,210 - httpx - INFO - HTTP Request: POST https://api.telegram.org/bot7677204696:AAFLU9IBU0lROegsU7aOM5dM_SPxiKk5kMo/getUpdates "HTTP/1.1 200 OK"
2025-10-21 10:44:26,141 - httpx - INFO - HTTP Request: POST https://api.telegram.org/bot7677204696:AAFLU9IBU0lROegsU7aOM5dM_SPxiKk5kMo/getUpdates "HTTP/1.1 200 OK"
2025-10-21 10:44:36,779 - httpx - INFO - HTTP Request: POST https://api.telegram.org/bot7677204696:AAFLU9IBU0lROegsU7aOM5dM_SPxiKk5kMo/getUpdates "HTTP/1.1 200 OK"
2025-10-21 10:44:46,679 - httpx - INFO - HTTP Request: POST https://api.telegram.org/bot7677204696:AAFLU9IBU0lROegsU7aOM5dM_SPxiKk5kMo/getUpdates "HTTP/1.1 200 OK"
2025-10-21 10:44:57,394 - httpx - INFO - HTTP Request: POST https://api.telegram.org/bot7677204696:AAFLU9IBU0lROegsU7aOM5dM_SPxiKk5kMo/getUpdates "HTTP/1.1 200 OK"
2025-10-21 10:45:08,117 - httpx - INFO - HTTP Request: POST https://api.telegram.org/bot7677204696:AAFLU9IBU0lROegsU7aOM5dM_SPxiKk5kMo/getUpdates "HTTP/1.1 200 OK"
2025-10-21 10:45:17,648 - httpx - INFO - HTTP Request: POST https://api.telegram.org/bot7677204696:AAFLU9IBU0lROegsU7aOM5dM_SPxiKk5kMo/getUpdates "HTTP/1.1 200 OK"
2025-10-21 10:45:28,399 - httpx - INFO - HTTP Request: POST https://api.telegram.org/bot7677204696:AAFLU9IBU0lROegsU7aOM5dM_SPxiKk5kMo/getUpdates "HTTP/1.1 200 OK"
2025-10-21 10:45:39,061 - httpx - INFO - HTTP Request: POST https://api.telegram.org/bot7677204696:AAFLU9IBU0lROegsU7aOM5dM_SPxiKk5kMo/getUpdates "HTTP/1.1 200 OK"
2025-10-21 10:45:48,609 - httpx - INFO - HTTP Request: POST https://api.telegram.org/bot7677204696:AAFLU9IBU0lROegsU7aOM5dM_SPxiKk5kMo/getUpdates "HTTP/1.1 200 OK"
2025-10-21 10:45:59,387 - httpx - INFO - HTTP Request: POST https://api.telegram.org/bot7677204696:AAFLU9IBU0lROegsU7aOM5dM_SPxiKk5kMo/getUpdates "HTTP/1.1 200 OK"
2025-10-21 10:46:10,247 - httpx - INFO - HTTP Request: POST https://api.telegram.org/bot7677204696:AAFLU9IBU0lROegsU7aOM5dM_SPxiKk5kMo/getUpdates "HTTP/1.1 200 OK"
2025-10-21 10:46:21,135 - httpx - INFO - HTTP Request: POST https://api.telegram.org/bot7677204696:AAFLU9IBU0lROegsU7aOM5dM_SPxiKk5kMo/getUpdates "HTTP/1.1 200 OK"
2025-10-21 10:46:32,103 - httpx - INFO - HTTP Request: POST https://api.telegram.org/bot7677204696:AAFLU9IBU0lROegsU7aOM5dM_SPxiKk5kMo/getUpdates "HTTP/1.1 200 OK"
2025-10-21 10:46:42,900 - httpx - INFO - HTTP Request: POST https://api.telegram.org/bot7677204696:AAFLU9IBU0lROegsU7aOM5dM_SPxiKk5kMo/getUpdates "HTTP/1.1 200 OK"
2025-10-21 10:46:52,711 - httpx - INFO - HTTP Request: POST https://api.telegram.org/bot7677204696:AAFLU9IBU0lROegsU7aOM5dM_SPxiKk5kMo/getUpdates "HTTP/1.1 200 OK"
2025-10-21 10:47:03,480 - httpx - INFO - HTTP Request: POST https://api.telegram.org/bot7677204696:AAFLU9IBU0lROegsU7aOM5dM_SPxiKk5kMo/getUpdates "HTTP/1.1 200 OK"
2025-10-21 10:47:14,493 - httpx - INFO - HTTP Request: POST https://api.telegram.org/bot7677204696:AAFLU9IBU0lROegsU7aOM5dM_SPxiKk5kMo/getUpdates "HTTP/1.1 200 OK"
2025-10-21 10:47:24,072 - httpx - INFO - HTTP Request: POST https://api.telegram.org/bot7677204696:AAFLU9IBU0lROegsU7aOM5dM_SPxiKk5kMo/getUpdates "HTTP/1.1 200 OK"
2025-10-21 10:47:35,280 - httpx - INFO - HTTP Request: POST https://api.telegram.org/bot7677204696:AAFLU9IBU0lROegsU7aOM5dM_SPxiKk5kMo/getUpdates "HTTP/1.1 200 OK"
2025-10-21 10:47:46,024 - httpx - INFO - HTTP Request: POST https://api.telegram.org/bot7677204696:AAFLU9IBU0lROegsU7aOM5dM_SPxiKk5kMo/getUpdates "HTTP/1.1 200 OK"
2025-10-21 10:47:55,463 - httpx - INFO - HTTP Request: POST https://api.telegram.org/bot7677204696:AAFLU9IBU0lROegsU7aOM5dM_SPxiKk5kMo/getUpdates "HTTP/1.1 200 OK"
2025-10-21 10:48:06,146 - httpx - INFO - HTTP Request: POST https://api.telegram.org/bot7677204696:AAFLU9IBU0lROegsU7aOM5dM_SPxiKk5kMo/getUpdates "HTTP/1.1 200 OK"
2025-10-21 10:48:16,802 - httpx - INFO - HTTP Request: POST https://api.telegram.org/bot7677204696:AAFLU9IBU0lROegsU7aOM5dM_SPxiKk5kMo/getUpdates "HTTP/1.1 200 OK"
2025-10-21 10:48:26,191 - httpx - INFO - HTTP Request: POST https://api.telegram.org/bot7677204696:AAFLU9IBU0lROegsU7aOM5dM_SPxiKk5kMo/getUpdates "HTTP/1.1 200 OK"
2025-10-21 10:48:36,858 - httpx - INFO - HTTP Request: POST https://api.telegram.org/bot7677204696:AAFLU9IBU0lROegsU7aOM5dM_SPxiKk5kMo/getUpdates "HTTP/1.1 200 OK"
2025-10-21 10:48:43,465 - httpx - INFO - HTTP Request: POST https://api.telegram.org/bot7677204696:AAFLU9IBU0lROegsU7aOM5dM_SPxiKk5kMo/getUpdates "HTTP/1.1 200 OK"
2025-10-21 10:48:43,473 - telegram.ext.Application - INFO - Application is stopping. This might take a moment.
2025-10-21 10:48:43,486 - telegram.ext.Application - INFO - Application.stop() complete
2025-10-21 10:48:43,545 - telegram_bot.bot - ERROR - ❌ Error ejecutando bot: a coroutine was expected, got None
2025-10-21 10:48:43,546 - __main__ - ERROR - ❌ Error crítico ejecutando bot: a coroutine was expected, got None
2025-10-21 10:48:43,547 - __main__ - ERROR - ❌ Error fatal: a coroutine was expected, got None
2025-10-21 10:58:44,462 - __main__ - INFO - 📦 Verificando dependencias...
2025-10-21 10:58:54,565 - __main__ - INFO - ✅ python-telegram-bot v22.5 está instalado
2025-10-21 10:58:54,566 - __main__ - INFO - 🔧 Validando configuración...
2025-10-21 10:58:54,717 - __main__ - INFO - ✅ Configuración validada correctamente
2025-10-21 10:58:54,718 - __main__ - INFO - 🚀 Inicializando ELiaS...
2025-10-21 10:59:58,523 - httpx - INFO - HTTP Request: GET https://api.notion.com/v1/users/me "HTTP/1.1 200 OK"
2025-10-21 11:00:01,315 - ia.services.transcription_service - INFO - ✅ AssemblyAI configurado correctamente
2025-10-21 11:00:01,316 - ia.services.transcription_service - INFO - ✅ Servicio de transcripción AssemblyAI inicializado
2025-10-21 11:00:01,768 - __main__ - INFO - 🤖 Inicializando Telegram Bot...
2025-10-21 11:00:01,769 - telegram_bot.bot - INFO - 📋 Admin IDs parseados: [7792117959]
2025-10-21 11:00:01,770 - telegram_bot.bot - INFO - 🤖 EliasBot inicializado correctamente
2025-10-21 11:00:01,771 - __main__ - INFO - 🚀 Iniciando bot de Telegram...
2025-10-21 11:00:02,844 - telegram_bot.bot - INFO - 🔧 Handlers configurados correctamente
2025-10-21 11:00:02,845 - telegram_bot.bot - INFO - ✅ LangGraphService inicializado
2025-10-21 11:00:02,846 - telegram_bot.bot - INFO - ✅ Servicios básicos inicializados para Telegram
2025-10-21 11:00:02,847 - telegram_bot.bot - INFO - ✅ Bot construido correctamente
2025-10-21 11:00:02,847 - telegram_bot.bot - INFO - 🚀 Iniciando EliasBot...
2025-10-21 11:00:02,848 - telegram_bot.bot - INFO - 📋 Administradores: [7792117959]
2025-10-21 11:00:04,409 - httpx - INFO - HTTP Request: POST https://api.telegram.org/bot7677204696:AAFLU9IBU0lROegsU7aOM5dM_SPxiKk5kMo/getMe "HTTP/1.1 200 OK"
2025-10-21 11:00:04,683 - httpx - INFO - HTTP Request: POST https://api.telegram.org/bot7677204696:AAFLU9IBU0lROegsU7aOM5dM_SPxiKk5kMo/deleteWebhook "HTTP/1.1 200 OK"
2025-10-21 11:00:04,687 - telegram.ext.Application - INFO - Application started
2025-10-21 11:00:13,744 - httpx - INFO - HTTP Request: POST https://api.telegram.org/bot7677204696:AAFLU9IBU0lROegsU7aOM5dM_SPxiKk5kMo/getUpdates "HTTP/1.1 200 OK"
2025-10-21 11:00:13,748 - telegram_bot.handlers.messages - INFO - 💬 Usuario 7792117959: Que tareas tengo pendientes?...
2025-10-21 11:00:15,752 - httpx - INFO - HTTP Request: POST https://api.telegram.org/bot7677204696:AAFLU9IBU0lROegsU7aOM5dM_SPxiKk5kMo/sendChatAction "HTTP/1.1 200 OK"
2025-10-21 11:00:15,754 - telegram_bot.bot - INFO - 🔄 Procesando consulta de usuario 7792117959: Que tareas tengo pendientes?...
2025-10-21 11:00:20,426 - httpx - INFO - HTTP Request: POST https://api.notion.com/v1/databases/22eb849f59fd8052b14cf4dae48d55fc/query "HTTP/1.1 200 OK"
2025-10-21 11:00:21,346 - httpx - INFO - HTTP Request: GET https://api.notion.com/v1/pages/240b849f-59fd-808d-b7ad-c0615682e6ec "HTTP/1.1 200 OK"
2025-10-21 11:00:22,999 - telegram_bot.bot - INFO - ✅ Consulta procesada con LangGraph para usuario 7792117959
2025-10-21 11:00:23,974 - httpx - INFO - HTTP Request: POST https://api.telegram.org/bot7677204696:AAFLU9IBU0lROegsU7aOM5dM_SPxiKk5kMo/sendMessage "HTTP/1.1 200 OK"
2025-10-21 11:00:23,976 - telegram_bot.handlers.messages - INFO - ✅ Respuesta enviada a usuario 7792117959
2025-10-21 11:00:24,669 - httpx - INFO - HTTP Request: POST https://api.telegram.org/bot7677204696:AAFLU9IBU0lROegsU7aOM5dM_SPxiKk5kMo/getUpdates "HTTP/1.1 200 OK"
2025-10-21 11:00:35,277 - httpx - INFO - HTTP Request: POST https://api.telegram.org/bot7677204696:AAFLU9IBU0lROegsU7aOM5dM_SPxiKk5kMo/getUpdates "HTTP/1.1 200 OK"
2025-10-21 11:00:45,647 - httpx - INFO - HTTP Request: POST https://api.telegram.org/bot7677204696:AAFLU9IBU0lROegsU7aOM5dM_SPxiKk5kMo/getUpdates "HTTP/1.1 200 OK"
2025-10-21 11:00:53,925 - httpx - INFO - HTTP Request: POST https://api.telegram.org/bot7677204696:AAFLU9IBU0lROegsU7aOM5dM_SPxiKk5kMo/getUpdates "HTTP/1.1 200 OK"
2025-10-21 11:01:04,152 - httpx - INFO - HTTP Request: POST https://api.telegram.org/bot7677204696:AAFLU9IBU0lROegsU7aOM5dM_SPxiKk5kMo/getUpdates "HTTP/1.1 200 OK"
2025-10-21 11:01:15,214 - httpx - INFO - HTTP Request: POST https://api.telegram.org/bot7677204696:AAFLU9IBU0lROegsU7aOM5dM_SPxiKk5kMo/getUpdates "HTTP/1.1 200 OK"
2025-10-21 11:01:25,204 - httpx - INFO - HTTP Request: POST https://api.telegram.org/bot7677204696:AAFLU9IBU0lROegsU7aOM5dM_SPxiKk5kMo/getUpdates "HTTP/1.1 200 OK"
2025-10-21 11:01:35,962 - httpx - INFO - HTTP Request: POST https://api.telegram.org/bot7677204696:AAFLU9IBU0lROegsU7aOM5dM_SPxiKk5kMo/getUpdates "HTTP/1.1 200 OK"
2025-10-21 11:01:46,698 - httpx - INFO - HTTP Request: POST https://api.telegram.org/bot7677204696:AAFLU9IBU0lROegsU7aOM5dM_SPxiKk5kMo/getUpdates "HTTP/1.1 200 OK"
2025-10-21 11:01:56,069 - httpx - INFO - HTTP Request: POST https://api.telegram.org/bot7677204696:AAFLU9IBU0lROegsU7aOM5dM_SPxiKk5kMo/getUpdates "HTTP/1.1 200 OK"
2025-10-21 11:02:06,731 - httpx - INFO - HTTP Request: POST https://api.telegram.org/bot7677204696:AAFLU9IBU0lROegsU7aOM5dM_SPxiKk5kMo/getUpdates "HTTP/1.1 200 OK"
2025-10-21 11:02:17,470 - httpx - INFO - HTTP Request: POST https://api.telegram.org/bot7677204696:AAFLU9IBU0lROegsU7aOM5dM_SPxiKk5kMo/getUpdates "HTTP/1.1 200 OK"
2025-10-21 11:02:27,042 - httpx - INFO - HTTP Request: POST https://api.telegram.org/bot7677204696:AAFLU9IBU0lROegsU7aOM5dM_SPxiKk5kMo/getUpdates "HTTP/1.1 200 OK"
2025-10-21 11:02:37,634 - httpx - INFO - HTTP Request: POST https://api.telegram.org/bot7677204696:AAFLU9IBU0lROegsU7aOM5dM_SPxiKk5kMo/getUpdates "HTTP/1.1 200 OK"
2025-10-21 11:02:48,191 - httpx - INFO - HTTP Request: POST https://api.telegram.org/bot7677204696:AAFLU9IBU0lROegsU7aOM5dM_SPxiKk5kMo/getUpdates "HTTP/1.1 200 OK"
2025-10-21 11:02:57,802 - httpx - INFO - HTTP Request: POST https://api.telegram.org/bot7677204696:AAFLU9IBU0lROegsU7aOM5dM_SPxiKk5kMo/getUpdates "HTTP/1.1 200 OK"
2025-10-21 11:03:08,394 - httpx - INFO - HTTP Request: POST https://api.telegram.org/bot7677204696:AAFLU9IBU0lROegsU7aOM5dM_SPxiKk5kMo/getUpdates "HTTP/1.1 200 OK"
2025-10-21 11:03:19,006 - httpx - INFO - HTTP Request: POST https://api.telegram.org/bot7677204696:AAFLU9IBU0lROegsU7aOM5dM_SPxiKk5kMo/getUpdates "HTTP/1.1 200 OK"
2025-10-21 11:03:28,638 - httpx - INFO - HTTP Request: POST https://api.telegram.org/bot7677204696:AAFLU9IBU0lROegsU7aOM5dM_SPxiKk5kMo/getUpdates "HTTP/1.1 200 OK"
2025-10-21 11:03:39,241 - httpx - INFO - HTTP Request: POST https://api.telegram.org/bot7677204696:AAFLU9IBU0lROegsU7aOM5dM_SPxiKk5kMo/getUpdates "HTTP/1.1 200 OK"
2025-10-21 11:03:49,837 - httpx - INFO - HTTP Request: POST https://api.telegram.org/bot7677204696:AAFLU9IBU0lROegsU7aOM5dM_SPxiKk5kMo/getUpdates "HTTP/1.1 200 OK"
2025-10-21 11:03:59,523 - httpx - INFO - HTTP Request: POST https://api.telegram.org/bot7677204696:AAFLU9IBU0lROegsU7aOM5dM_SPxiKk5kMo/getUpdates "HTTP/1.1 200 OK"
2025-10-21 11:04:10,165 - httpx - INFO - HTTP Request: POST https://api.telegram.org/bot7677204696:AAFLU9IBU0lROegsU7aOM5dM_SPxiKk5kMo/getUpdates "HTTP/1.1 200 OK"
2025-10-21 11:04:20,753 - httpx - INFO - HTTP Request: POST https://api.telegram.org/bot7677204696:AAFLU9IBU0lROegsU7aOM5dM_SPxiKk5kMo/getUpdates "HTTP/1.1 200 OK"
2025-10-21 11:04:31,343 - httpx - INFO - HTTP Request: POST https://api.telegram.org/bot7677204696:AAFLU9IBU0lROegsU7aOM5dM_SPxiKk5kMo/getUpdates "HTTP/1.1 200 OK"
2025-10-21 11:04:40,967 - httpx - INFO - HTTP Request: POST https://api.telegram.org/bot7677204696:AAFLU9IBU0lROegsU7aOM5dM_SPxiKk5kMo/getUpdates "HTTP/1.1 200 OK"
2025-10-21 11:04:51,580 - httpx - INFO - HTTP Request: POST https://api.telegram.org/bot7677204696:AAFLU9IBU0lROegsU7aOM5dM_SPxiKk5kMo/getUpdates "HTTP/1.1 200 OK"
2025-10-21 11:05:02,107 - httpx - INFO - HTTP Request: POST https://api.telegram.org/bot7677204696:AAFLU9IBU0lROegsU7aOM5dM_SPxiKk5kMo/getUpdates "HTTP/1.1 200 OK"
2025-10-21 11:05:11,722 - httpx - INFO - HTTP Request: POST https://api.telegram.org/bot7677204696:AAFLU9IBU0lROegsU7aOM5dM_SPxiKk5kMo/getUpdates "HTTP/1.1 200 OK"
2025-10-21 11:05:22,405 - httpx - INFO - HTTP Request: POST https://api.telegram.org/bot7677204696:AAFLU9IBU0lROegsU7aOM5dM_SPxiKk5kMo/getUpdates "HTTP/1.1 200 OK"
2025-10-21 11:05:32,870 - httpx - INFO - HTTP Request: POST https://api.telegram.org/bot7677204696:AAFLU9IBU0lROegsU7aOM5dM_SPxiKk5kMo/getUpdates "HTTP/1.1 200 OK"
2025-10-21 11:05:42,706 - httpx - INFO - HTTP Request: POST https://api.telegram.org/bot7677204696:AAFLU9IBU0lROegsU7aOM5dM_SPxiKk5kMo/getUpdates "HTTP/1.1 200 OK"
2025-10-21 11:05:53,383 - httpx - INFO - HTTP Request: POST https://api.telegram.org/bot7677204696:AAFLU9IBU0lROegsU7aOM5dM_SPxiKk5kMo/getUpdates "HTTP/1.1 200 OK"
2025-10-21 11:06:03,986 - httpx - INFO - HTTP Request: POST https://api.telegram.org/bot7677204696:AAFLU9IBU0lROegsU7aOM5dM_SPxiKk5kMo/getUpdates "HTTP/1.1 200 OK"
2025-10-21 11:06:13,537 - httpx - INFO - HTTP Request: POST https://api.telegram.org/bot7677204696:AAFLU9IBU0lROegsU7aOM5dM_SPxiKk5kMo/getUpdates "HTTP/1.1 200 OK"
2025-10-21 11:06:24,195 - httpx - INFO - HTTP Request: POST https://api.telegram.org/bot7677204696:AAFLU9IBU0lROegsU7aOM5dM_SPxiKk5kMo/getUpdates "HTTP/1.1 200 OK"
2025-10-21 11:06:34,798 - httpx - INFO - HTTP Request: POST https://api.telegram.org/bot7677204696:AAFLU9IBU0lROegsU7aOM5dM_SPxiKk5kMo/getUpdates "HTTP/1.1 200 OK"
2025-10-21 11:06:44,568 - httpx - INFO - HTTP Request: POST https://api.telegram.org/bot7677204696:AAFLU9IBU0lROegsU7aOM5dM_SPxiKk5kMo/getUpdates "HTTP/1.1 200 OK"
2025-10-21 11:06:55,107 - httpx - INFO - HTTP Request: POST https://api.telegram.org/bot7677204696:AAFLU9IBU0lROegsU7aOM5dM_SPxiKk5kMo/getUpdates "HTTP/1.1 200 OK"
2025-10-21 11:07:05,736 - httpx - INFO - HTTP Request: POST https://api.telegram.org/bot7677204696:AAFLU9IBU0lROegsU7aOM5dM_SPxiKk5kMo/getUpdates "HTTP/1.1 200 OK"
2025-10-21 11:07:15,465 - httpx - INFO - HTTP Request: POST https://api.telegram.org/bot7677204696:AAFLU9IBU0lROegsU7aOM5dM_SPxiKk5kMo/getUpdates "HTTP/1.1 200 OK"
2025-10-21 11:07:26,016 - httpx - INFO - HTTP Request: POST https://api.telegram.org/bot7677204696:AAFLU9IBU0lROegsU7aOM5dM_SPxiKk5kMo/getUpdates "HTTP/1.1 200 OK"
2025-10-21 11:07:36,670 - httpx - INFO - HTTP Request: POST https://api.telegram.org/bot7677204696:AAFLU9IBU0lROegsU7aOM5dM_SPxiKk5kMo/getUpdates "HTTP/1.1 200 OK"
2025-10-21 11:07:46,372 - httpx - INFO - HTTP Request: POST https://api.telegram.org/bot7677204696:AAFLU9IBU0lROegsU7aOM5dM_SPxiKk5kMo/getUpdates "HTTP/1.1 200 OK"
2025-10-21 11:07:57,026 - httpx - INFO - HTTP Request: POST https://api.telegram.org/bot7677204696:AAFLU9IBU0lROegsU7aOM5dM_SPxiKk5kMo/getUpdates "HTTP/1.1 200 OK"
2025-10-21 11:08:07,666 - httpx - INFO - HTTP Request: POST https://api.telegram.org/bot7677204696:AAFLU9IBU0lROegsU7aOM5dM_SPxiKk5kMo/getUpdates "HTTP/1.1 200 OK"
2025-10-21 11:08:17,262 - httpx - INFO - HTTP Request: POST https://api.telegram.org/bot7677204696:AAFLU9IBU0lROegsU7aOM5dM_SPxiKk5kMo/getUpdates "HTTP/1.1 200 OK"
2025-10-21 11:08:27,967 - httpx - INFO - HTTP Request: POST https://api.telegram.org/bot7677204696:AAFLU9IBU0lROegsU7aOM5dM_SPxiKk5kMo/getUpdates "HTTP/1.1 200 OK"
2025-10-21 11:08:38,525 - httpx - INFO - HTTP Request: POST https://api.telegram.org/bot7677204696:AAFLU9IBU0lROegsU7aOM5dM_SPxiKk5kMo/getUpdates "HTTP/1.1 200 OK"
2025-10-21 11:08:49,173 - httpx - INFO - HTTP Request: POST https://api.telegram.org/bot7677204696:AAFLU9IBU0lROegsU7aOM5dM_SPxiKk5kMo/getUpdates "HTTP/1.1 200 OK"
2025-10-21 11:09:00,238 - httpx - INFO - HTTP Request: POST https://api.telegram.org/bot7677204696:AAFLU9IBU0lROegsU7aOM5dM_SPxiKk5kMo/getUpdates "HTTP/1.1 200 OK"
2025-10-21 11:09:13,895 - httpx - INFO - HTTP Request: POST https://api.telegram.org/bot7677204696:AAFLU9IBU0lROegsU7aOM5dM_SPxiKk5kMo/getUpdates "HTTP/1.1 200 OK"
2025-10-21 11:09:22,922 - httpx - INFO - HTTP Request: POST https://api.telegram.org/bot7677204696:AAFLU9IBU0lROegsU7aOM5dM_SPxiKk5kMo/getUpdates "HTTP/1.1 200 OK"
2025-10-21 11:09:33,825 - httpx - INFO - HTTP Request: POST https://api.telegram.org/bot7677204696:AAFLU9IBU0lROegsU7aOM5dM_SPxiKk5kMo/getUpdates "HTTP/1.1 200 OK"
2025-10-21 11:09:44,668 - httpx - INFO - HTTP Request: POST https://api.telegram.org/bot7677204696:AAFLU9IBU0lROegsU7aOM5dM_SPxiKk5kMo/getUpdates "HTTP/1.1 200 OK"
2025-10-21 11:09:54,126 - httpx - INFO - HTTP Request: POST https://api.telegram.org/bot7677204696:AAFLU9IBU0lROegsU7aOM5dM_SPxiKk5kMo/getUpdates "HTTP/1.1 200 OK"
2025-10-21 11:10:08,600 - httpx - INFO - HTTP Request: POST https://api.telegram.org/bot7677204696:AAFLU9IBU0lROegsU7aOM5dM_SPxiKk5kMo/getUpdates "HTTP/1.1 200 OK"
2025-10-21 11:10:19,020 - httpx - INFO - HTTP Request: POST https://api.telegram.org/bot7677204696:AAFLU9IBU0lROegsU7aOM5dM_SPxiKk5kMo/getUpdates "HTTP/1.1 200 OK"
2025-10-21 11:10:28,881 - httpx - INFO - HTTP Request: POST https://api.telegram.org/bot7677204696:AAFLU9IBU0lROegsU7aOM5dM_SPxiKk5kMo/getUpdates "HTTP/1.1 200 OK"
2025-10-21 11:10:39,652 - httpx - INFO - HTTP Request: POST https://api.telegram.org/bot7677204696:AAFLU9IBU0lROegsU7aOM5dM_SPxiKk5kMo/getUpdates "HTTP/1.1 200 OK"
2025-10-21 11:10:50,171 - httpx - INFO - HTTP Request: POST https://api.telegram.org/bot7677204696:AAFLU9IBU0lROegsU7aOM5dM_SPxiKk5kMo/getUpdates "HTTP/1.1 200 OK"
2025-10-21 11:11:00,333 - httpx - INFO - HTTP Request: POST https://api.telegram.org/bot7677204696:AAFLU9IBU0lROegsU7aOM5dM_SPxiKk5kMo/getUpdates "HTTP/1.1 200 OK"
2025-10-21 11:11:10,808 - httpx - INFO - HTTP Request: POST https://api.telegram.org/bot7677204696:AAFLU9IBU0lROegsU7aOM5dM_SPxiKk5kMo/getUpdates "HTTP/1.1 200 OK"
2025-10-21 11:11:21,285 - httpx - INFO - HTTP Request: POST https://api.telegram.org/bot7677204696:AAFLU9IBU0lROegsU7aOM5dM_SPxiKk5kMo/getUpdates "HTTP/1.1 200 OK"
2025-10-21 11:11:31,160 - httpx - INFO - HTTP Request: POST https://api.telegram.org/bot7677204696:AAFLU9IBU0lROegsU7aOM5dM_SPxiKk5kMo/getUpdates "HTTP/1.1 200 OK"
2025-10-21 11:11:41,727 - httpx - INFO - HTTP Request: POST https://api.telegram.org/bot7677204696:AAFLU9IBU0lROegsU7aOM5dM_SPxiKk5kMo/getUpdates "HTTP/1.1 200 OK"
2025-10-21 11:11:52,227 - httpx - INFO - HTTP Request: POST https://api.telegram.org/bot7677204696:AAFLU9IBU0lROegsU7aOM5dM_SPxiKk5kMo/getUpdates "HTTP/1.1 200 OK"
2025-10-21 11:12:02,072 - httpx - INFO - HTTP Request: POST https://api.telegram.org/bot7677204696:AAFLU9IBU0lROegsU7aOM5dM_SPxiKk5kMo/getUpdates "HTTP/1.1 200 OK"
2025-10-21 11:12:12,635 - httpx - INFO - HTTP Request: POST https://api.telegram.org/bot7677204696:AAFLU9IBU0lROegsU7aOM5dM_SPxiKk5kMo/getUpdates "HTTP/1.1 200 OK"
2025-10-21 11:12:23,250 - httpx - INFO - HTTP Request: POST https://api.telegram.org/bot7677204696:AAFLU9IBU0lROegsU7aOM5dM_SPxiKk5kMo/getUpdates "HTTP/1.1 200 OK"
2025-10-21 11:12:33,768 - httpx - INFO - HTTP Request: POST https://api.telegram.org/bot7677204696:AAFLU9IBU0lROegsU7aOM5dM_SPxiKk5kMo/getUpdates "HTTP/1.1 200 OK"
2025-10-21 11:12:45,138 - httpx - INFO - HTTP Request: POST https://api.telegram.org/bot7677204696:AAFLU9IBU0lROegsU7aOM5dM_SPxiKk5kMo/getUpdates "HTTP/1.1 200 OK"
2025-10-21 11:12:55,673 - httpx - INFO - HTTP Request: POST https://api.telegram.org/bot7677204696:AAFLU9IBU0lROegsU7aOM5dM_SPxiKk5kMo/getUpdates "HTTP/1.1 200 OK"
2025-10-21 11:13:06,165 - httpx - INFO - HTTP Request: POST https://api.telegram.org/bot7677204696:AAFLU9IBU0lROegsU7aOM5dM_SPxiKk5kMo/getUpdates "HTTP/1.1 200 OK"
2025-10-21 11:13:16,716 - httpx - INFO - HTTP Request: POST https://api.telegram.org/bot7677204696:AAFLU9IBU0lROegsU7aOM5dM_SPxiKk5kMo/getUpdates "HTTP/1.1 200 OK"
2025-10-21 11:13:26,627 - httpx - INFO - HTTP Request: POST https://api.telegram.org/bot7677204696:AAFLU9IBU0lROegsU7aOM5dM_SPxiKk5kMo/getUpdates "HTTP/1.1 200 OK"
2025-10-21 11:13:37,107 - httpx - INFO - HTTP Request: POST https://api.telegram.org/bot7677204696:AAFLU9IBU0lROegsU7aOM5dM_SPxiKk5kMo/getUpdates "HTTP/1.1 200 OK"
2025-10-21 11:13:47,659 - httpx - INFO - HTTP Request: POST https://api.telegram.org/bot7677204696:AAFLU9IBU0lROegsU7aOM5dM_SPxiKk5kMo/getUpdates "HTTP/1.1 200 OK"
2025-10-21 11:13:57,409 - httpx - INFO - HTTP Request: POST https://api.telegram.org/bot7677204696:AAFLU9IBU0lROegsU7aOM5dM_SPxiKk5kMo/getUpdates "HTTP/1.1 200 OK"
2025-10-21 11:14:08,109 - httpx - INFO - HTTP Request: POST https://api.telegram.org/bot7677204696:AAFLU9IBU0lROegsU7aOM5dM_SPxiKk5kMo/getUpdates "HTTP/1.1 200 OK"
2025-10-21 11:14:18,707 - httpx - INFO - HTTP Request: POST https://api.telegram.org/bot7677204696:AAFLU9IBU0lROegsU7aOM5dM_SPxiKk5kMo/getUpdates "HTTP/1.1 200 OK"
2025-10-21 11:14:28,444 - httpx - INFO - HTTP Request: POST https://api.telegram.org/bot7677204696:AAFLU9IBU0lROegsU7aOM5dM_SPxiKk5kMo/getUpdates "HTTP/1.1 200 OK"
2025-10-21 11:14:39,100 - httpx - INFO - HTTP Request: POST https://api.telegram.org/bot7677204696:AAFLU9IBU0lROegsU7aOM5dM_SPxiKk5kMo/getUpdates "HTTP/1.1 200 OK"
2025-10-21 11:14:49,533 - httpx - INFO - HTTP Request: POST https://api.telegram.org/bot7677204696:AAFLU9IBU0lROegsU7aOM5dM_SPxiKk5kMo/getUpdates "HTTP/1.1 200 OK"
2025-10-21 11:14:59,423 - httpx - INFO - HTTP Request: POST https://api.telegram.org/bot7677204696:AAFLU9IBU0lROegsU7aOM5dM_SPxiKk5kMo/getUpdates "HTTP/1.1 200 OK"
2025-10-21 11:15:09,929 - httpx - INFO - HTTP Request: POST https://api.telegram.org/bot7677204696:AAFLU9IBU0lROegsU7aOM5dM_SPxiKk5kMo/getUpdates "HTTP/1.1 200 OK"
2025-10-21 11:15:20,560 - httpx - INFO - HTTP Request: POST https://api.telegram.org/bot7677204696:AAFLU9IBU0lROegsU7aOM5dM_SPxiKk5kMo/getUpdates "HTTP/1.1 200 OK"
2025-10-21 11:15:30,126 - httpx - INFO - HTTP Request: POST https://api.telegram.org/bot7677204696:AAFLU9IBU0lROegsU7aOM5dM_SPxiKk5kMo/getUpdates "HTTP/1.1 200 OK"
2025-10-21 11:15:40,612 - httpx - INFO - HTTP Request: POST https://api.telegram.org/bot7677204696:AAFLU9IBU0lROegsU7aOM5dM_SPxiKk5kMo/getUpdates "HTTP/1.1 200 OK"
2025-10-21 11:15:51,244 - httpx - INFO - HTTP Request: POST https://api.telegram.org/bot7677204696:AAFLU9IBU0lROegsU7aOM5dM_SPxiKk5kMo/getUpdates "HTTP/1.1 200 OK"
2025-10-21 11:16:01,366 - httpx - INFO - HTTP Request: POST https://api.telegram.org/bot7677204696:AAFLU9IBU0lROegsU7aOM5dM_SPxiKk5kMo/getUpdates "HTTP/1.1 200 OK"
2025-10-21 11:16:12,926 - httpx - INFO - HTTP Request: POST https://api.telegram.org/bot7677204696:AAFLU9IBU0lROegsU7aOM5dM_SPxiKk5kMo/getUpdates "HTTP/1.1 200 OK"
2025-10-21 11:16:23,392 - httpx - INFO - HTTP Request: POST https://api.telegram.org/bot7677204696:AAFLU9IBU0lROegsU7aOM5dM_SPxiKk5kMo/getUpdates "HTTP/1.1 200 OK"
2025-10-21 11:16:33,241 - httpx - INFO - HTTP Request: POST https://api.telegram.org/bot7677204696:AAFLU9IBU0lROegsU7aOM5dM_SPxiKk5kMo/getUpdates "HTTP/1.1 200 OK"
2025-10-21 11:16:43,784 - httpx - INFO - HTTP Request: POST https://api.telegram.org/bot7677204696:AAFLU9IBU0lROegsU7aOM5dM_SPxiKk5kMo/getUpdates "HTTP/1.1 200 OK"
2025-10-21 11:16:54,257 - httpx - INFO - HTTP Request: POST https://api.telegram.org/bot7677204696:AAFLU9IBU0lROegsU7aOM5dM_SPxiKk5kMo/getUpdates "HTTP/1.1 200 OK"
2025-10-21 11:17:04,164 - httpx - INFO - HTTP Request: POST https://api.telegram.org/bot7677204696:AAFLU9IBU0lROegsU7aOM5dM_SPxiKk5kMo/getUpdates "HTTP/1.1 200 OK"
2025-10-21 11:17:14,629 - httpx - INFO - HTTP Request: POST https://api.telegram.org/bot7677204696:AAFLU9IBU0lROegsU7aOM5dM_SPxiKk5kMo/getUpdates "HTTP/1.1 200 OK"
2025-10-21 11:17:25,206 - httpx - INFO - HTTP Request: POST https://api.telegram.org/bot7677204696:AAFLU9IBU0lROegsU7aOM5dM_SPxiKk5kMo/getUpdates "HTTP/1.1 200 OK"
2025-10-21 11:17:35,812 - httpx - INFO - HTTP Request: POST https://api.telegram.org/bot7677204696:AAFLU9IBU0lROegsU7aOM5dM_SPxiKk5kMo/getUpdates "HTTP/1.1 200 OK"
2025-10-21 11:17:46,339 - httpx - INFO - HTTP Request: POST https://api.telegram.org/bot7677204696:AAFLU9IBU0lROegsU7aOM5dM_SPxiKk5kMo/getUpdates "HTTP/1.1 200 OK"
2025-10-21 11:17:56,819 - httpx - INFO - HTTP Request: POST https://api.telegram.org/bot7677204696:AAFLU9IBU0lROegsU7aOM5dM_SPxiKk5kMo/getUpdates "HTTP/1.1 200 OK"
2025-10-21 11:18:06,598 - httpx - INFO - HTTP Request: POST https://api.telegram.org/bot7677204696:AAFLU9IBU0lROegsU7aOM5dM_SPxiKk5kMo/getUpdates "HTTP/1.1 200 OK"
2025-10-21 11:18:17,150 - httpx - INFO - HTTP Request: POST https://api.telegram.org/bot7677204696:AAFLU9IBU0lROegsU7aOM5dM_SPxiKk5kMo/getUpdates "HTTP/1.1 200 OK"
2025-10-21 11:18:27,582 - httpx - INFO - HTTP Request: POST https://api.telegram.org/bot7677204696:AAFLU9IBU0lROegsU7aOM5dM_SPxiKk5kMo/getUpdates "HTTP/1.1 200 OK"
2025-10-21 11:18:37,438 - httpx - INFO - HTTP Request: POST https://api.telegram.org/bot7677204696:AAFLU9IBU0lROegsU7aOM5dM_SPxiKk5kMo/getUpdates "HTTP/1.1 200 OK"
2025-10-21 11:18:45,904 - httpx - INFO - HTTP Request: POST https://api.telegram.org/bot7677204696:AAFLU9IBU0lROegsU7aOM5dM_SPxiKk5kMo/getUpdates "HTTP/1.1 200 OK"
2025-10-21 11:18:45,965 - telegram_bot.handlers.messages - INFO - 💬 Usuario 7792117959: Tengo una Reunión el Jueves Por el CEE...
2025-10-21 11:18:47,145 - httpx - INFO - HTTP Request: POST https://api.telegram.org/bot7677204696:AAFLU9IBU0lROegsU7aOM5dM_SPxiKk5kMo/sendChatAction "HTTP/1.1 200 OK"
2025-10-21 11:18:47,150 - telegram_bot.bot - INFO - 🔄 Procesando consulta de usuario 7792117959: Tengo una Reunión el Jueves Por el CEE...
2025-10-21 11:18:54,977 - httpx - INFO - HTTP Request: POST https://api.notion.com/v1/databases/240b849f59fd80b48af4c15a547df1a7/query "HTTP/1.1 200 OK"
2025-10-21 11:18:55,393 - httpx - INFO - HTTP Request: POST https://api.notion.com/v1/pages "HTTP/1.1 200 OK"
2025-10-21 11:18:55,407 - telegram_bot.bot - INFO - ✅ Consulta procesada con LangGraph para usuario 7792117959
2025-10-21 11:18:56,432 - httpx - INFO - HTTP Request: POST https://api.telegram.org/bot7677204696:AAFLU9IBU0lROegsU7aOM5dM_SPxiKk5kMo/sendMessage "HTTP/1.1 200 OK"
2025-10-21 11:18:56,437 - telegram_bot.handlers.messages - INFO - ✅ Respuesta enviada a usuario 7792117959
2025-10-21 11:18:56,692 - httpx - INFO - HTTP Request: POST https://api.telegram.org/bot7677204696:AAFLU9IBU0lROegsU7aOM5dM_SPxiKk5kMo/getUpdates "HTTP/1.1 200 OK"
2025-10-21 11:19:07,186 - httpx - INFO - HTTP Request: POST https://api.telegram.org/bot7677204696:AAFLU9IBU0lROegsU7aOM5dM_SPxiKk5kMo/getUpdates "HTTP/1.1 200 OK"
2025-10-21 11:19:16,738 - httpx - INFO - HTTP Request: POST https://api.telegram.org/bot7677204696:AAFLU9IBU0lROegsU7aOM5dM_SPxiKk5kMo/getUpdates "HTTP/1.1 200 OK"
2025-10-21 11:19:27,315 - httpx - INFO - HTTP Request: POST https://api.telegram.org/bot7677204696:AAFLU9IBU0lROegsU7aOM5dM_SPxiKk5kMo/getUpdates "HTTP/1.1 200 OK"
2025-10-21 11:19:37,768 - httpx - INFO - HTTP Request: POST https://api.telegram.org/bot7677204696:AAFLU9IBU0lROegsU7aOM5dM_SPxiKk5kMo/getUpdates "HTTP/1.1 200 OK"
2025-10-21 11:19:47,495 - httpx - INFO - HTTP Request: POST https://api.telegram.org/bot7677204696:AAFLU9IBU0lROegsU7aOM5dM_SPxiKk5kMo/getUpdates "HTTP/1.1 200 OK"
2025-10-21 11:19:57,964 - httpx - INFO - HTTP Request: POST https://api.telegram.org/bot7677204696:AAFLU9IBU0lROegsU7aOM5dM_SPxiKk5kMo/getUpdates "HTTP/1.1 200 OK"
2025-10-21 11:20:08,510 - httpx - INFO - HTTP Request: POST https://api.telegram.org/bot7677204696:AAFLU9IBU0lROegsU7aOM5dM_SPxiKk5kMo/getUpdates "HTTP/1.1 200 OK"
2025-10-21 11:20:18,370 - httpx - INFO - HTTP Request: POST https://api.telegram.org/bot7677204696:AAFLU9IBU0lROegsU7aOM5dM_SPxiKk5kMo/getUpdates "HTTP/1.1 200 OK"
2025-10-21 11:20:28,922 - httpx - INFO - HTTP Request: POST https://api.telegram.org/bot7677204696:AAFLU9IBU0lROegsU7aOM5dM_SPxiKk5kMo/getUpdates "HTTP/1.1 200 OK"
2025-10-21 11:20:39,479 - httpx - INFO - HTTP Request: POST https://api.telegram.org/bot7677204696:AAFLU9IBU0lROegsU7aOM5dM_SPxiKk5kMo/getUpdates "HTTP/1.1 200 OK"
2025-10-21 11:20:51,074 - httpx - INFO - HTTP Request: POST https://api.telegram.org/bot7677204696:AAFLU9IBU0lROegsU7aOM5dM_SPxiKk5kMo/getUpdates "HTTP/1.1 200 OK"
2025-10-21 11:21:01,913 - httpx - INFO - HTTP Request: POST https://api.telegram.org/bot7677204696:AAFLU9IBU0lROegsU7aOM5dM_SPxiKk5kMo/getUpdates "HTTP/1.1 200 OK"
2025-10-21 11:21:12,376 - httpx - INFO - HTTP Request: POST https://api.telegram.org/bot7677204696:AAFLU9IBU0lROegsU7aOM5dM_SPxiKk5kMo/getUpdates "HTTP/1.1 200 OK"
2025-10-21 11:21:22,126 - httpx - INFO - HTTP Request: POST https://api.telegram.org/bot7677204696:AAFLU9IBU0lROegsU7aOM5dM_SPxiKk5kMo/getUpdates "HTTP/1.1 200 OK"
2025-10-21 11:21:32,736 - httpx - INFO - HTTP Request: POST https://api.telegram.org/bot7677204696:AAFLU9IBU0lROegsU7aOM5dM_SPxiKk5kMo/getUpdates "HTTP/1.1 200 OK"
2025-10-21 11:21:43,372 - httpx - INFO - HTTP Request: POST https://api.telegram.org/bot7677204696:AAFLU9IBU0lROegsU7aOM5dM_SPxiKk5kMo/getUpdates "HTTP/1.1 200 OK"
2025-10-21 11:21:53,176 - httpx - INFO - HTTP Request: POST https://api.telegram.org/bot7677204696:AAFLU9IBU0lROegsU7aOM5dM_SPxiKk5kMo/getUpdates "HTTP/1.1 200 OK"
2025-10-21 11:22:03,642 - httpx - INFO - HTTP Request: POST https://api.telegram.org/bot7677204696:AAFLU9IBU0lROegsU7aOM5dM_SPxiKk5kMo/getUpdates "HTTP/1.1 200 OK"
2025-10-21 11:22:14,301 - httpx - INFO - HTTP Request: POST https://api.telegram.org/bot7677204696:AAFLU9IBU0lROegsU7aOM5dM_SPxiKk5kMo/getUpdates "HTTP/1.1 200 OK"
2025-10-21 11:22:24,143 - httpx - INFO - HTTP Request: POST https://api.telegram.org/bot7677204696:AAFLU9IBU0lROegsU7aOM5dM_SPxiKk5kMo/getUpdates "HTTP/1.1 200 OK"
2025-10-21 11:22:34,617 - httpx - INFO - HTTP Request: POST https://api.telegram.org/bot7677204696:AAFLU9IBU0lROegsU7aOM5dM_SPxiKk5kMo/getUpdates "HTTP/1.1 200 OK"
2025-10-21 11:22:45,107 - httpx - INFO - HTTP Request: POST https://api.telegram.org/bot7677204696:AAFLU9IBU0lROegsU7aOM5dM_SPxiKk5kMo/getUpdates "HTTP/1.1 200 OK"
2025-10-21 11:22:54,994 - httpx - INFO - HTTP Request: POST https://api.telegram.org/bot7677204696:AAFLU9IBU0lROegsU7aOM5dM_SPxiKk5kMo/getUpdates "HTTP/1.1 200 OK"
2025-10-21 11:23:05,523 - httpx - INFO - HTTP Request: POST https://api.telegram.org/bot7677204696:AAFLU9IBU0lROegsU7aOM5dM_SPxiKk5kMo/getUpdates "HTTP/1.1 200 OK"
2025-10-21 11:23:16,132 - httpx - INFO - HTTP Request: POST https://api.telegram.org/bot7677204696:AAFLU9IBU0lROegsU7aOM5dM_SPxiKk5kMo/getUpdates "HTTP/1.1 200 OK"
2025-10-21 11:23:25,923 - httpx - INFO - HTTP Request: POST https://api.telegram.org/bot7677204696:AAFLU9IBU0lROegsU7aOM5dM_SPxiKk5kMo/getUpdates "HTTP/1.1 200 OK"
2025-10-21 11:23:36,548 - httpx - INFO - HTTP Request: POST https://api.telegram.org/bot7677204696:AAFLU9IBU0lROegsU7aOM5dM_SPxiKk5kMo/getUpdates "HTTP/1.1 200 OK"
2025-10-21 11:23:47,113 - httpx - INFO - HTTP Request: POST https://api.telegram.org/bot7677204696:AAFLU9IBU0lROegsU7aOM5dM_SPxiKk5kMo/getUpdates "HTTP/1.1 200 OK"
2025-10-21 11:23:56,985 - httpx - INFO - HTTP Request: POST https://api.telegram.org/bot7677204696:AAFLU9IBU0lROegsU7aOM5dM_SPxiKk5kMo/getUpdates "HTTP/1.1 200 OK"
2025-10-21 11:24:07,518 - httpx - INFO - HTTP Request: POST https://api.telegram.org/bot7677204696:AAFLU9IBU0lROegsU7aOM5dM_SPxiKk5kMo/getUpdates "HTTP/1.1 200 OK"
2025-10-21 11:24:18,853 - httpx - INFO - HTTP Request: POST https://api.telegram.org/bot7677204696:AAFLU9IBU0lROegsU7aOM5dM_SPxiKk5kMo/getUpdates "HTTP/1.1 200 OK"
2025-10-21 11:24:28,780 - httpx - INFO - HTTP Request: POST https://api.telegram.org/bot7677204696:AAFLU9IBU0lROegsU7aOM5dM_SPxiKk5kMo/getUpdates "HTTP/1.1 200 OK"
2025-10-21 11:24:39,351 - httpx - INFO - HTTP Request: POST https://api.telegram.org/bot7677204696:AAFLU9IBU0lROegsU7aOM5dM_SPxiKk5kMo/getUpdates "HTTP/1.1 200 OK"
2025-10-21 11:24:50,031 - httpx - INFO - HTTP Request: POST https://api.telegram.org/bot7677204696:AAFLU9IBU0lROegsU7aOM5dM_SPxiKk5kMo/getUpdates "HTTP/1.1 200 OK"
2025-10-21 11:24:59,810 - httpx - INFO - HTTP Request: POST https://api.telegram.org/bot7677204696:AAFLU9IBU0lROegsU7aOM5dM_SPxiKk5kMo/getUpdates "HTTP/1.1 200 OK"
2025-10-21 11:25:10,286 - httpx - INFO - HTTP Request: POST https://api.telegram.org/bot7677204696:AAFLU9IBU0lROegsU7aOM5dM_SPxiKk5kMo/getUpdates "HTTP/1.1 200 OK"
2025-10-21 11:25:20,853 - httpx - INFO - HTTP Request: POST https://api.telegram.org/bot7677204696:AAFLU9IBU0lROegsU7aOM5dM_SPxiKk5kMo/getUpdates "HTTP/1.1 200 OK"
2025-10-21 11:25:30,630 - httpx - INFO - HTTP Request: POST https://api.telegram.org/bot7677204696:AAFLU9IBU0lROegsU7aOM5dM_SPxiKk5kMo/getUpdates "HTTP/1.1 200 OK"
2025-10-21 11:25:41,212 - httpx - INFO - HTTP Request: POST https://api.telegram.org/bot7677204696:AAFLU9IBU0lROegsU7aOM5dM_SPxiKk5kMo/getUpdates "HTTP/1.1 200 OK"
2025-10-21 11:25:51,875 - httpx - INFO - HTTP Request: POST https://api.telegram.org/bot7677204696:AAFLU9IBU0lROegsU7aOM5dM_SPxiKk5kMo/getUpdates "HTTP/1.1 200 OK"
2025-10-21 11:26:01,623 - httpx - INFO - HTTP Request: POST https://api.telegram.org/bot7677204696:AAFLU9IBU0lROegsU7aOM5dM_SPxiKk5kMo/getUpdates "HTTP/1.1 200 OK"
2025-10-21 11:26:12,083 - httpx - INFO - HTTP Request: POST https://api.telegram.org/bot7677204696:AAFLU9IBU0lROegsU7aOM5dM_SPxiKk5kMo/getUpdates "HTTP/1.1 200 OK"
2025-10-21 11:26:22,651 - httpx - INFO - HTTP Request: POST https://api.telegram.org/bot7677204696:AAFLU9IBU0lROegsU7aOM5dM_SPxiKk5kMo/getUpdates "HTTP/1.1 200 OK"
2025-10-21 11:26:32,489 - httpx - INFO - HTTP Request: POST https://api.telegram.org/bot7677204696:AAFLU9IBU0lROegsU7aOM5dM_SPxiKk5kMo/getUpdates "HTTP/1.1 200 OK"
2025-10-21 11:26:43,035 - httpx - INFO - HTTP Request: POST https://api.telegram.org/bot7677204696:AAFLU9IBU0lROegsU7aOM5dM_SPxiKk5kMo/getUpdates "HTTP/1.1 200 OK"
2025-10-21 11:26:53,603 - httpx - INFO - HTTP Request: POST https://api.telegram.org/bot7677204696:AAFLU9IBU0lROegsU7aOM5dM_SPxiKk5kMo/getUpdates "HTTP/1.1 200 OK"
2025-10-21 11:27:03,397 - httpx - INFO - HTTP Request: POST https://api.telegram.org/bot7677204696:AAFLU9IBU0lROegsU7aOM5dM_SPxiKk5kMo/getUpdates "HTTP/1.1 200 OK"
2025-10-21 11:27:14,019 - httpx - INFO - HTTP Request: POST https://api.telegram.org/bot7677204696:AAFLU9IBU0lROegsU7aOM5dM_SPxiKk5kMo/getUpdates "HTTP/1.1 200 OK"
2025-10-21 11:27:24,524 - httpx - INFO - HTTP Request: POST https://api.telegram.org/bot7677204696:AAFLU9IBU0lROegsU7aOM5dM_SPxiKk5kMo/getUpdates "HTTP/1.1 200 OK"
2025-10-21 11:27:35,013 - httpx - INFO - HTTP Request: POST https://api.telegram.org/bot7677204696:AAFLU9IBU0lROegsU7aOM5dM_SPxiKk5kMo/getUpdates "HTTP/1.1 200 OK"
2025-10-21 11:27:44,794 - httpx - INFO - HTTP Request: POST https://api.telegram.org/bot7677204696:AAFLU9IBU0lROegsU7aOM5dM_SPxiKk5kMo/getUpdates "HTTP/1.1 200 OK"
2025-10-21 11:27:55,313 - httpx - INFO - HTTP Request: POST https://api.telegram.org/bot7677204696:AAFLU9IBU0lROegsU7aOM5dM_SPxiKk5kMo/getUpdates "HTTP/1.1 200 OK"
2025-10-21 11:28:05,796 - httpx - INFO - HTTP Request: POST https://api.telegram.org/bot7677204696:AAFLU9IBU0lROegsU7aOM5dM_SPxiKk5kMo/getUpdates "HTTP/1.1 200 OK"
2025-10-21 11:28:15,627 - httpx - INFO - HTTP Request: POST https://api.telegram.org/bot7677204696:AAFLU9IBU0lROegsU7aOM5dM_SPxiKk5kMo/getUpdates "HTTP/1.1 200 OK"
2025-10-21 11:28:26,786 - httpx - INFO - HTTP Request: POST https://api.telegram.org/bot7677204696:AAFLU9IBU0lROegsU7aOM5dM_SPxiKk5kMo/getUpdates "HTTP/1.1 200 OK"
2025-10-21 11:28:37,275 - httpx - INFO - HTTP Request: POST https://api.telegram.org/bot7677204696:AAFLU9IBU0lROegsU7aOM5dM_SPxiKk5kMo/getUpdates "HTTP/1.1 200 OK"
2025-10-21 11:28:47,044 - httpx - INFO - HTTP Request: POST https://api.telegram.org/bot7677204696:AAFLU9IBU0lROegsU7aOM5dM_SPxiKk5kMo/getUpdates "HTTP/1.1 200 OK"
2025-10-21 11:28:57,511 - httpx - INFO - HTTP Request: POST https://api.telegram.org/bot7677204696:AAFLU9IBU0lROegsU7aOM5dM_SPxiKk5kMo/getUpdates "HTTP/1.1 200 OK"
2025-10-21 11:29:08,004 - httpx - INFO - HTTP Request: POST https://api.telegram.org/bot7677204696:AAFLU9IBU0lROegsU7aOM5dM_SPxiKk5kMo/getUpdates "HTTP/1.1 200 OK"
2025-10-21 11:29:17,926 - httpx - INFO - HTTP Request: POST https://api.telegram.org/bot7677204696:AAFLU9IBU0lROegsU7aOM5dM_SPxiKk5kMo/getUpdates "HTTP/1.1 200 OK"
2025-10-21 11:29:28,502 - httpx - INFO - HTTP Request: POST https://api.telegram.org/bot7677204696:AAFLU9IBU0lROegsU7aOM5dM_SPxiKk5kMo/getUpdates "HTTP/1.1 200 OK"
2025-10-21 15:07:53,026 - httpx - INFO - HTTP Request: POST https://api.telegram.org/bot7677204696:AAFLU9IBU0lROegsU7aOM5dM_SPxiKk5kMo/getUpdates "HTTP/1.1 200 OK"
2025-10-21 15:07:53,041 - telegram.ext.Application - INFO - Application is stopping. This might take a moment.
2025-10-21 15:07:53,050 - telegram.ext.Application - INFO - Application.stop() complete
2025-10-21 15:07:53,118 - telegram_bot.bot - ERROR - ❌ Error ejecutando bot: a coroutine was expected, got None
2025-10-21 15:07:53,120 - __main__ - ERROR - ❌ Error crítico ejecutando bot: a coroutine was expected, got None
2025-10-21 15:07:53,121 - __main__ - ERROR - ❌ Error fatal: a coroutine was expected, got None
2025-10-22 11:58:56,476 - __main__ - INFO - 📦 Verificando dependencias...
2025-10-22 11:59:09,383 - __main__ - INFO - ✅ python-telegram-bot v22.5 está instalado
2025-10-22 11:59:09,384 - __main__ - INFO - 🔧 Validando configuración...
2025-10-22 11:59:09,757 - __main__ - INFO - ✅ Configuración validada correctamente
2025-10-22 11:59:09,758 - __main__ - INFO - 🚀 Inicializando ELiaS...
2025-10-22 12:00:18,453 - httpx - INFO - HTTP Request: GET https://api.notion.com/v1/users/me "HTTP/1.1 200 OK"
2025-10-22 12:00:21,029 - ia.services.transcription_service - INFO - ✅ AssemblyAI configurado correctamente
2025-10-22 12:00:21,030 - ia.services.transcription_service - INFO - ✅ Servicio de transcripción AssemblyAI inicializado
2025-10-22 12:00:21,266 - __main__ - INFO - 🤖 Inicializando Telegram Bot...
2025-10-22 12:00:21,267 - telegram_bot.bot - INFO - 📋 Admin IDs parseados: [7792117959]
2025-10-22 12:00:21,268 - telegram_bot.bot - INFO - 🤖 EliasBot inicializado correctamente
2025-10-22 12:00:21,269 - __main__ - INFO - 🚀 Iniciando bot de Telegram...
2025-10-22 12:00:21,915 - telegram_bot.bot - INFO - 🔧 Handlers configurados correctamente
2025-10-22 12:00:21,916 - telegram_bot.bot - INFO - ✅ LangGraphService inicializado
2025-10-22 12:00:21,917 - telegram_bot.bot - INFO - ✅ Servicios básicos inicializados para Telegram
2025-10-22 12:00:21,918 - telegram_bot.bot - INFO - ✅ Bot construido correctamente
2025-10-22 12:00:21,918 - telegram_bot.bot - INFO - 🚀 Iniciando EliasBot...
2025-10-22 12:00:21,919 - telegram_bot.bot - INFO - 📋 Administradores: [7792117959]
2025-10-22 12:00:23,254 - httpx - INFO - HTTP Request: POST https://api.telegram.org/bot7677204696:AAFLU9IBU0lROegsU7aOM5dM_SPxiKk5kMo/getMe "HTTP/1.1 200 OK"
2025-10-22 12:00:23,507 - httpx - INFO - HTTP Request: POST https://api.telegram.org/bot7677204696:AAFLU9IBU0lROegsU7aOM5dM_SPxiKk5kMo/deleteWebhook "HTTP/1.1 200 OK"
2025-10-22 12:00:23,511 - telegram.ext.Application - INFO - Application started
2025-10-22 12:00:34,150 - httpx - INFO - HTTP Request: POST https://api.telegram.org/bot7677204696:AAFLU9IBU0lROegsU7aOM5dM_SPxiKk5kMo/getUpdates "HTTP/1.1 200 OK"
2025-10-22 12:00:44,429 - httpx - INFO - HTTP Request: POST https://api.telegram.org/bot7677204696:AAFLU9IBU0lROegsU7aOM5dM_SPxiKk5kMo/getUpdates "HTTP/1.1 200 OK"
2025-10-22 12:00:54,710 - httpx - INFO - HTTP Request: POST https://api.telegram.org/bot7677204696:AAFLU9IBU0lROegsU7aOM5dM_SPxiKk5kMo/getUpdates "HTTP/1.1 200 OK"
2025-10-22 12:01:04,990 - httpx - INFO - HTTP Request: POST https://api.telegram.org/bot7677204696:AAFLU9IBU0lROegsU7aOM5dM_SPxiKk5kMo/getUpdates "HTTP/1.1 200 OK"
2025-10-22 12:01:15,249 - httpx - INFO - HTTP Request: POST https://api.telegram.org/bot7677204696:AAFLU9IBU0lROegsU7aOM5dM_SPxiKk5kMo/getUpdates "HTTP/1.1 200 OK"
2025-10-22 12:01:25,488 - httpx - INFO - HTTP Request: POST https://api.telegram.org/bot7677204696:AAFLU9IBU0lROegsU7aOM5dM_SPxiKk5kMo/getUpdates "HTTP/1.1 200 OK"
2025-10-22 12:01:35,821 - httpx - INFO - HTTP Request: POST https://api.telegram.org/bot7677204696:AAFLU9IBU0lROegsU7aOM5dM_SPxiKk5kMo/getUpdates "HTTP/1.1 200 OK"
2025-10-22 12:01:46,059 - httpx - INFO - HTTP Request: POST https://api.telegram.org/bot7677204696:AAFLU9IBU0lROegsU7aOM5dM_SPxiKk5kMo/getUpdates "HTTP/1.1 200 OK"
2025-10-22 12:01:56,397 - httpx - INFO - HTTP Request: POST https://api.telegram.org/bot7677204696:AAFLU9IBU0lROegsU7aOM5dM_SPxiKk5kMo/getUpdates "HTTP/1.1 200 OK"
2025-10-22 12:02:06,572 - httpx - INFO - HTTP Request: POST https://api.telegram.org/bot7677204696:AAFLU9IBU0lROegsU7aOM5dM_SPxiKk5kMo/getUpdates "HTTP/1.1 200 OK"
2025-10-22 12:02:16,903 - httpx - INFO - HTTP Request: POST https://api.telegram.org/bot7677204696:AAFLU9IBU0lROegsU7aOM5dM_SPxiKk5kMo/getUpdates "HTTP/1.1 200 OK"
2025-10-22 12:02:27,278 - httpx - INFO - HTTP Request: POST https://api.telegram.org/bot7677204696:AAFLU9IBU0lROegsU7aOM5dM_SPxiKk5kMo/getUpdates "HTTP/1.1 200 OK"
2025-10-22 12:02:37,664 - httpx - INFO - HTTP Request: POST https://api.telegram.org/bot7677204696:AAFLU9IBU0lROegsU7aOM5dM_SPxiKk5kMo/getUpdates "HTTP/1.1 200 OK"
2025-10-22 12:02:47,940 - httpx - INFO - HTTP Request: POST https://api.telegram.org/bot7677204696:AAFLU9IBU0lROegsU7aOM5dM_SPxiKk5kMo/getUpdates "HTTP/1.1 200 OK"
2025-10-22 12:02:58,152 - httpx - INFO - HTTP Request: POST https://api.telegram.org/bot7677204696:AAFLU9IBU0lROegsU7aOM5dM_SPxiKk5kMo/getUpdates "HTTP/1.1 200 OK"
2025-10-22 12:03:08,412 - httpx - INFO - HTTP Request: POST https://api.telegram.org/bot7677204696:AAFLU9IBU0lROegsU7aOM5dM_SPxiKk5kMo/getUpdates "HTTP/1.1 200 OK"
2025-10-22 12:03:18,794 - httpx - INFO - HTTP Request: POST https://api.telegram.org/bot7677204696:AAFLU9IBU0lROegsU7aOM5dM_SPxiKk5kMo/getUpdates "HTTP/1.1 200 OK"
2025-10-22 12:03:24,517 - httpx - INFO - HTTP Request: POST https://api.telegram.org/bot7677204696:AAFLU9IBU0lROegsU7aOM5dM_SPxiKk5kMo/getUpdates "HTTP/1.1 200 OK"
2025-10-22 12:03:24,578 - telegram_bot.handlers.messages - INFO - 💬 Usuario 7792117959: comprar leche en 2 días...
2025-10-22 12:03:25,627 - httpx - INFO - HTTP Request: POST https://api.telegram.org/bot7677204696:AAFLU9IBU0lROegsU7aOM5dM_SPxiKk5kMo/sendChatAction "HTTP/1.1 200 OK"
2025-10-22 12:03:25,631 - telegram_bot.bot - INFO - 🔄 Procesando consulta de usuario 7792117959: comprar leche en 2 días...
2025-10-22 12:03:33,880 - httpx - INFO - HTTP Request: POST https://api.notion.com/v1/databases/240b849f59fd80b48af4c15a547df1a7/query "HTTP/1.1 200 OK"
2025-10-22 12:03:35,038 - httpx - INFO - HTTP Request: POST https://api.notion.com/v1/pages "HTTP/1.1 200 OK"
2025-10-22 12:03:35,045 - telegram_bot.bot - INFO - ✅ Consulta procesada con LangGraph para usuario 7792117959
2025-10-22 12:03:35,060 - httpx - INFO - HTTP Request: POST https://api.telegram.org/bot7677204696:AAFLU9IBU0lROegsU7aOM5dM_SPxiKk5kMo/getUpdates "HTTP/1.1 200 OK"
2025-10-22 12:03:35,989 - httpx - INFO - HTTP Request: POST https://api.telegram.org/bot7677204696:AAFLU9IBU0lROegsU7aOM5dM_SPxiKk5kMo/sendMessage "HTTP/1.1 200 OK"
2025-10-22 12:03:35,994 - telegram_bot.handlers.messages - INFO - ✅ Respuesta enviada a usuario 7792117959
2025-10-22 12:03:45,413 - httpx - INFO - HTTP Request: POST https://api.telegram.org/bot7677204696:AAFLU9IBU0lROegsU7aOM5dM_SPxiKk5kMo/getUpdates "HTTP/1.1 200 OK"
2025-10-22 12:03:55,641 - httpx - INFO - HTTP Request: POST https://api.telegram.org/bot7677204696:AAFLU9IBU0lROegsU7aOM5dM_SPxiKk5kMo/getUpdates "HTTP/1.1 200 OK"
2025-10-22 12:04:06,086 - httpx - INFO - HTTP Request: POST https://api.telegram.org/bot7677204696:AAFLU9IBU0lROegsU7aOM5dM_SPxiKk5kMo/getUpdates "HTTP/1.1 200 OK"
2025-10-22 12:04:15,422 - httpx - INFO - HTTP Request: POST https://api.telegram.org/bot7677204696:AAFLU9IBU0lROegsU7aOM5dM_SPxiKk5kMo/getUpdates "HTTP/1.1 200 OK"
2025-10-22 12:04:15,425 - telegram_bot.handlers.messages - INFO - 💬 Usuario 7792117959: que actividades tengo pendiente?...
2025-10-22 12:04:16,360 - httpx - INFO - HTTP Request: POST https://api.telegram.org/bot7677204696:AAFLU9IBU0lROegsU7aOM5dM_SPxiKk5kMo/sendChatAction "HTTP/1.1 200 OK"
2025-10-22 12:04:16,363 - telegram_bot.bot - INFO - 🔄 Procesando consulta de usuario 7792117959: que actividades tengo pendiente?...
2025-10-22 12:04:18,345 - httpx - INFO - HTTP Request: POST https://api.notion.com/v1/databases/22eb849f59fd8052b14cf4dae48d55fc/query "HTTP/1.1 200 OK"
2025-10-22 12:04:19,284 - httpx - INFO - HTTP Request: GET https://api.notion.com/v1/pages/240b849f-59fd-8035-9e0c-e72799d2421a "HTTP/1.1 200 OK"
2025-10-22 12:04:19,701 - httpx - INFO - HTTP Request: GET https://api.notion.com/v1/pages/240b849f-59fd-8037-8519-d620fbf92948 "HTTP/1.1 200 OK"
2025-10-22 12:04:20,328 - httpx - INFO - HTTP Request: GET https://api.notion.com/v1/pages/240b849f-59fd-808d-b7ad-c0615682e6ec "HTTP/1.1 200 OK"
2025-10-22 12:04:21,911 - telegram_bot.bot - INFO - ✅ Consulta procesada con LangGraph para usuario 7792117959
2025-10-22 12:04:22,738 - httpx - INFO - HTTP Request: POST https://api.telegram.org/bot7677204696:AAFLU9IBU0lROegsU7aOM5dM_SPxiKk5kMo/sendMessage "HTTP/1.1 400 Bad Request"
2025-10-22 12:04:22,743 - telegram_bot.handlers.messages - WARNING - ⚠️ Error de formato Markdown, enviando sin formato: Can't parse entities: can't find end of the entity starting at byte offset 313
2025-10-22 12:04:23,158 - httpx - INFO - HTTP Request: POST https://api.telegram.org/bot7677204696:AAFLU9IBU0lROegsU7aOM5dM_SPxiKk5kMo/sendMessage "HTTP/1.1 200 OK"
2025-10-22 12:04:23,162 - telegram_bot.handlers.messages - INFO - ✅ Respuesta enviada a usuario 7792117959
2025-10-22 12:04:25,766 - httpx - INFO - HTTP Request: POST https://api.telegram.org/bot7677204696:AAFLU9IBU0lROegsU7aOM5dM_SPxiKk5kMo/getUpdates "HTTP/1.1 200 OK"
2025-10-22 12:04:36,052 - httpx - INFO - HTTP Request: POST https://api.telegram.org/bot7677204696:AAFLU9IBU0lROegsU7aOM5dM_SPxiKk5kMo/getUpdates "HTTP/1.1 200 OK"
2025-10-22 12:04:47,180 - httpx - INFO - HTTP Request: POST https://api.telegram.org/bot7677204696:AAFLU9IBU0lROegsU7aOM5dM_SPxiKk5kMo/getUpdates "HTTP/1.1 200 OK"
2025-10-22 12:04:47,184 - telegram.ext.Application - INFO - Application is stopping. This might take a moment.
2025-10-22 12:04:47,185 - telegram.ext.Application - INFO - Application.stop() complete
2025-10-22 12:04:47,201 - telegram_bot.bot - ERROR - ❌ Error ejecutando bot: a coroutine was expected, got None
2025-10-22 12:04:47,203 - __main__ - ERROR - ❌ Error crítico ejecutando bot: a coroutine was expected, got None
2025-10-22 12:04:47,204 - __main__ - ERROR - ❌ Error fatal: a coroutine was expected, got None
2025-12-13 01:26:33,647 - __main__ - INFO - 📦 Verificando dependencias...
2025-12-13 01:26:37,088 - __main__ - INFO - ✅ python-telegram-bot v22.5 está instalado
2025-12-13 01:26:37,088 - __main__ - INFO - 🔧 Validando configuración...
2025-12-13 01:26:37,197 - __main__ - INFO - ✅ Configuración validada correctamente
2025-12-13 01:26:37,197 - __main__ - INFO - 🚀 Inicializando ELiaS...
2025-12-13 01:26:53,216 - langchain_google_genai.chat_models - WARNING - Retrying langchain_google_genai.chat_models._chat_with_retry.<locals>._chat_with_retry in 2.0 seconds as it raised ResourceExhausted: 429 You exceeded your current quota, please check your plan and billing details. For more information on this error, head to: https://ai.google.dev/gemini-api/docs/rate-limits. To monitor your current usage, head to: https://ai.dev/usage?tab=rate-limit. 
* Quota exceeded for metric: generativelanguage.googleapis.com/generate_content_free_tier_requests, limit: 0, model: gemini-2.0-flash
* Quota exceeded for metric: generativelanguage.googleapis.com/generate_content_free_tier_requests, limit: 0, model: gemini-2.0-flash
* Quota exceeded for metric: generativelanguage.googleapis.com/generate_content_free_tier_input_token_count, limit: 0, model: gemini-2.0-flash
Please retry in 6.837828661s. [links {
  description: "Learn more about Gemini API quotas"
  url: "https://ai.google.dev/gemini-api/docs/rate-limits"
}
, violations {
  quota_metric: "generativelanguage.googleapis.com/generate_content_free_tier_requests"
  quota_id: "GenerateRequestsPerDayPerProjectPerModel-FreeTier"
  quota_dimensions {
    key: "model"
    value: "gemini-2.0-flash"
  }
  quota_dimensions {
    key: "location"
    value: "global"
  }
}
violations {
  quota_metric: "generativelanguage.googleapis.com/generate_content_free_tier_requests"
  quota_id: "GenerateRequestsPerMinutePerProjectPerModel-FreeTier"
  quota_dimensions {
    key: "model"
    value: "gemini-2.0-flash"
  }
  quota_dimensions {
    key: "location"
    value: "global"
  }
}
violations {
  quota_metric: "generativelanguage.googleapis.com/generate_content_free_tier_input_token_count"
  quota_id: "GenerateContentInputTokensPerModelPerMinute-FreeTier"
  quota_dimensions {
    key: "model"
    value: "gemini-2.0-flash"
  }
  quota_dimensions {
    key: "location"
    value: "global"
  }
}
, retry_delay {
  seconds: 6
}
].
2025-12-13 01:26:55,437 - langchain_google_genai.chat_models - WARNING - Retrying langchain_google_genai.chat_models._chat_with_retry.<locals>._chat_with_retry in 4.0 seconds as it raised ResourceExhausted: 429 You exceeded your current quota, please check your plan and billing details. For more information on this error, head to: https://ai.google.dev/gemini-api/docs/rate-limits. To monitor your current usage, head to: https://ai.dev/usage?tab=rate-limit. 
* Quota exceeded for metric: generativelanguage.googleapis.com/generate_content_free_tier_input_token_count, limit: 0, model: gemini-2.0-flash
* Quota exceeded for metric: generativelanguage.googleapis.com/generate_content_free_tier_requests, limit: 0, model: gemini-2.0-flash
* Quota exceeded for metric: generativelanguage.googleapis.com/generate_content_free_tier_requests, limit: 0, model: gemini-2.0-flash
Please retry in 4.634553729s. [links {
  description: "Learn more about Gemini API quotas"
  url: "https://ai.google.dev/gemini-api/docs/rate-limits"
}
, violations {
  quota_metric: "generativelanguage.googleapis.com/generate_content_free_tier_input_token_count"
  quota_id: "GenerateContentInputTokensPerModelPerMinute-FreeTier"
  quota_dimensions {
    key: "model"
    value: "gemini-2.0-flash"
  }
  quota_dimensions {
    key: "location"
    value: "global"
  }
}
violations {
  quota_metric: "generativelanguage.googleapis.com/generate_content_free_tier_requests"
  quota_id: "GenerateRequestsPerMinutePerProjectPerModel-FreeTier"
  quota_dimensions {
    key: "model"
    value: "gemini-2.0-flash"
  }
  quota_dimensions {
    key: "location"
    value: "global"
  }
}
violations {
  quota_metric: "generativelanguage.googleapis.com/generate_content_free_tier_requests"
  quota_id: "GenerateRequestsPerDayPerProjectPerModel-FreeTier"
  quota_dimensions {
    key: "model"
    value: "gemini-2.0-flash"
  }
  quota_dimensions {
    key: "location"
    value: "global"
  }
}
, retry_delay {
  seconds: 4
}
].
2025-12-13 01:26:59,628 - langchain_google_genai.chat_models - WARNING - Retrying langchain_google_genai.chat_models._chat_with_retry.<locals>._chat_with_retry in 8.0 seconds as it raised ResourceExhausted: 429 You exceeded your current quota, please check your plan and billing details. For more information on this error, head to: https://ai.google.dev/gemini-api/docs/rate-limits. To monitor your current usage, head to: https://ai.dev/usage?tab=rate-limit. 
* Quota exceeded for metric: generativelanguage.googleapis.com/generate_content_free_tier_requests, limit: 0, model: gemini-2.0-flash
* Quota exceeded for metric: generativelanguage.googleapis.com/generate_content_free_tier_requests, limit: 0, model: gemini-2.0-flash
* Quota exceeded for metric: generativelanguage.googleapis.com/generate_content_free_tier_input_token_count, limit: 0, model: gemini-2.0-flash
Please retry in 405.528494ms. [links {
  description: "Learn more about Gemini API quotas"
  url: "https://ai.google.dev/gemini-api/docs/rate-limits"
}
, violations {
  quota_metric: "generativelanguage.googleapis.com/generate_content_free_tier_requests"
  quota_id: "GenerateRequestsPerDayPerProjectPerModel-FreeTier"
  quota_dimensions {
    key: "model"
    value: "gemini-2.0-flash"
  }
  quota_dimensions {
    key: "location"
    value: "global"
  }
}
violations {
  quota_metric: "generativelanguage.googleapis.com/generate_content_free_tier_requests"
  quota_id: "GenerateRequestsPerMinutePerProjectPerModel-FreeTier"
  quota_dimensions {
    key: "model"
    value: "gemini-2.0-flash"
  }
  quota_dimensions {
    key: "location"
    value: "global"
  }
}
violations {
  quota_metric: "generativelanguage.googleapis.com/generate_content_free_tier_input_token_count"
  quota_id: "GenerateContentInputTokensPerModelPerMinute-FreeTier"
  quota_dimensions {
    key: "model"
    value: "gemini-2.0-flash"
  }
  quota_dimensions {
    key: "location"
    value: "global"
  }
}
, retry_delay {
}
].
2025-12-13 01:27:08,528 - langchain_google_genai.chat_models - WARNING - Retrying langchain_google_genai.chat_models._chat_with_retry.<locals>._chat_with_retry in 16.0 seconds as it raised ResourceExhausted: 429 You exceeded your current quota, please check your plan and billing details. For more information on this error, head to: https://ai.google.dev/gemini-api/docs/rate-limits. To monitor your current usage, head to: https://ai.dev/usage?tab=rate-limit. 
* Quota exceeded for metric: generativelanguage.googleapis.com/generate_content_free_tier_requests, limit: 0, model: gemini-2.0-flash
* Quota exceeded for metric: generativelanguage.googleapis.com/generate_content_free_tier_requests, limit: 0, model: gemini-2.0-flash
* Quota exceeded for metric: generativelanguage.googleapis.com/generate_content_free_tier_input_token_count, limit: 0, model: gemini-2.0-flash
Please retry in 51.497944416s. [links {
  description: "Learn more about Gemini API quotas"
  url: "https://ai.google.dev/gemini-api/docs/rate-limits"
}
, violations {
  quota_metric: "generativelanguage.googleapis.com/generate_content_free_tier_requests"
  quota_id: "GenerateRequestsPerDayPerProjectPerModel-FreeTier"
  quota_dimensions {
    key: "model"
    value: "gemini-2.0-flash"
  }
  quota_dimensions {
    key: "location"
    value: "global"
  }
}
violations {
  quota_metric: "generativelanguage.googleapis.com/generate_content_free_tier_requests"
  quota_id: "GenerateRequestsPerMinutePerProjectPerModel-FreeTier"
  quota_dimensions {
    key: "model"
    value: "gemini-2.0-flash"
  }
  quota_dimensions {
    key: "location"
    value: "global"
  }
}
violations {
  quota_metric: "generativelanguage.googleapis.com/generate_content_free_tier_input_token_count"
  quota_id: "GenerateContentInputTokensPerModelPerMinute-FreeTier"
  quota_dimensions {
    key: "model"
    value: "gemini-2.0-flash"
  }
  quota_dimensions {
    key: "location"
    value: "global"
  }
}
, retry_delay {
  seconds: 51
}
].
2025-12-13 01:27:24,757 - langchain_google_genai.chat_models - WARNING - Retrying langchain_google_genai.chat_models._chat_with_retry.<locals>._chat_with_retry in 32.0 seconds as it raised ResourceExhausted: 429 You exceeded your current quota, please check your plan and billing details. For more information on this error, head to: https://ai.google.dev/gemini-api/docs/rate-limits. To monitor your current usage, head to: https://ai.dev/usage?tab=rate-limit. 
* Quota exceeded for metric: generativelanguage.googleapis.com/generate_content_free_tier_requests, limit: 0, model: gemini-2.0-flash
* Quota exceeded for metric: generativelanguage.googleapis.com/generate_content_free_tier_requests, limit: 0, model: gemini-2.0-flash
* Quota exceeded for metric: generativelanguage.googleapis.com/generate_content_free_tier_input_token_count, limit: 0, model: gemini-2.0-flash
Please retry in 35.286594149s. [links {
  description: "Learn more about Gemini API quotas"
  url: "https://ai.google.dev/gemini-api/docs/rate-limits"
}
, violations {
  quota_metric: "generativelanguage.googleapis.com/generate_content_free_tier_requests"
  quota_id: "GenerateRequestsPerDayPerProjectPerModel-FreeTier"
  quota_dimensions {
    key: "model"
    value: "gemini-2.0-flash"
  }
  quota_dimensions {
    key: "location"
    value: "global"
  }
}
violations {
  quota_metric: "generativelanguage.googleapis.com/generate_content_free_tier_requests"
  quota_id: "GenerateRequestsPerMinutePerProjectPerModel-FreeTier"
  quota_dimensions {
    key: "model"
    value: "gemini-2.0-flash"
  }
  quota_dimensions {
    key: "location"
    value: "global"
  }
}
violations {
  quota_metric: "generativelanguage.googleapis.com/generate_content_free_tier_input_token_count"
  quota_id: "GenerateContentInputTokensPerModelPerMinute-FreeTier"
  quota_dimensions {
    key: "model"
    value: "gemini-2.0-flash"
  }
  quota_dimensions {
    key: "location"
    value: "global"
  }
}
, retry_delay {
  seconds: 35
}
].
2025-12-13 01:28:11,297 - httpx - INFO - HTTP Request: GET https://api.notion.com/v1/users/me "HTTP/1.1 200 OK"
2025-12-13 01:28:12,319 - ia.services.transcription_service - INFO - ✅ AssemblyAI configurado correctamente
2025-12-13 01:28:12,320 - ia.services.transcription_service - INFO - ✅ Servicio de transcripción AssemblyAI inicializado
2025-12-13 01:28:12,403 - __main__ - INFO - 🤖 Inicializando Telegram Bot...
2025-12-13 01:28:12,404 - telegram_bot.bot - INFO - 📋 Admin IDs parseados: [7792117959]
2025-12-13 01:28:12,404 - telegram_bot.bot - INFO - 🤖 EliasBot inicializado correctamente
2025-12-13 01:28:12,404 - __main__ - INFO - 🚀 Iniciando bot de Telegram...
2025-12-13 01:28:12,619 - telegram_bot.bot - INFO - 🔧 Handlers configurados correctamente
2025-12-13 01:28:12,619 - telegram_bot.bot - INFO - ✅ LangGraphService inicializado
2025-12-13 01:28:12,619 - telegram_bot.bot - INFO - ✅ Servicios básicos inicializados para Telegram
2025-12-13 01:28:12,619 - telegram_bot.bot - INFO - ✅ Bot construido correctamente
2025-12-13 01:28:12,620 - telegram_bot.bot - INFO - 🚀 Iniciando EliasBot...
2025-12-13 01:28:12,620 - telegram_bot.bot - INFO - 📋 Administradores: [7792117959]
2025-12-13 01:28:13,655 - httpx - INFO - HTTP Request: POST https://api.telegram.org/bot7677204696:AAFLU9IBU0lROegsU7aOM5dM_SPxiKk5kMo/getMe "HTTP/1.1 200 OK"
2025-12-13 01:28:13,866 - httpx - INFO - HTTP Request: POST https://api.telegram.org/bot7677204696:AAFLU9IBU0lROegsU7aOM5dM_SPxiKk5kMo/deleteWebhook "HTTP/1.1 200 OK"
2025-12-13 01:28:13,868 - telegram.ext.Application - INFO - Application started
2025-12-13 01:28:24,566 - httpx - INFO - HTTP Request: POST https://api.telegram.org/bot7677204696:AAFLU9IBU0lROegsU7aOM5dM_SPxiKk5kMo/getUpdates "HTTP/1.1 200 OK"
2025-12-13 01:28:34,828 - httpx - INFO - HTTP Request: POST https://api.telegram.org/bot7677204696:AAFLU9IBU0lROegsU7aOM5dM_SPxiKk5kMo/getUpdates "HTTP/1.1 200 OK"
2025-12-13 01:28:45,083 - httpx - INFO - HTTP Request: POST https://api.telegram.org/bot7677204696:AAFLU9IBU0lROegsU7aOM5dM_SPxiKk5kMo/getUpdates "HTTP/1.1 200 OK"
2025-12-13 01:28:55,398 - httpx - INFO - HTTP Request: POST https://api.telegram.org/bot7677204696:AAFLU9IBU0lROegsU7aOM5dM_SPxiKk5kMo/getUpdates "HTTP/1.1 200 OK"
2025-12-13 01:29:05,618 - httpx - INFO - HTTP Request: POST https://api.telegram.org/bot7677204696:AAFLU9IBU0lROegsU7aOM5dM_SPxiKk5kMo/getUpdates "HTTP/1.1 200 OK"
2025-12-13 01:29:15,832 - httpx - INFO - HTTP Request: POST https://api.telegram.org/bot7677204696:AAFLU9IBU0lROegsU7aOM5dM_SPxiKk5kMo/getUpdates "HTTP/1.1 200 OK"
2025-12-13 01:29:26,127 - httpx - INFO - HTTP Request: POST https://api.telegram.org/bot7677204696:AAFLU9IBU0lROegsU7aOM5dM_SPxiKk5kMo/getUpdates "HTTP/1.1 200 OK"
2025-12-13 01:29:36,357 - httpx - INFO - HTTP Request: POST https://api.telegram.org/bot7677204696:AAFLU9IBU0lROegsU7aOM5dM_SPxiKk5kMo/getUpdates "HTTP/1.1 200 OK"
2025-12-13 01:29:46,610 - httpx - INFO - HTTP Request: POST https://api.telegram.org/bot7677204696:AAFLU9IBU0lROegsU7aOM5dM_SPxiKk5kMo/getUpdates "HTTP/1.1 200 OK"
2025-12-13 01:29:56,858 - httpx - INFO - HTTP Request: POST https://api.telegram.org/bot7677204696:AAFLU9IBU0lROegsU7aOM5dM_SPxiKk5kMo/getUpdates "HTTP/1.1 200 OK"
2025-12-13 01:30:07,071 - httpx - INFO - HTTP Request: POST https://api.telegram.org/bot7677204696:AAFLU9IBU0lROegsU7aOM5dM_SPxiKk5kMo/getUpdates "HTTP/1.1 200 OK"
2025-12-13 01:30:17,295 - httpx - INFO - HTTP Request: POST https://api.telegram.org/bot7677204696:AAFLU9IBU0lROegsU7aOM5dM_SPxiKk5kMo/getUpdates "HTTP/1.1 200 OK"
2025-12-13 01:30:27,510 - httpx - INFO - HTTP Request: POST https://api.telegram.org/bot7677204696:AAFLU9IBU0lROegsU7aOM5dM_SPxiKk5kMo/getUpdates "HTTP/1.1 200 OK"
2025-12-13 01:30:37,740 - httpx - INFO - HTTP Request: POST https://api.telegram.org/bot7677204696:AAFLU9IBU0lROegsU7aOM5dM_SPxiKk5kMo/getUpdates "HTTP/1.1 200 OK"
2025-12-13 01:30:47,974 - httpx - INFO - HTTP Request: POST https://api.telegram.org/bot7677204696:AAFLU9IBU0lROegsU7aOM5dM_SPxiKk5kMo/getUpdates "HTTP/1.1 200 OK"
2025-12-13 01:30:58,239 - httpx - INFO - HTTP Request: POST https://api.telegram.org/bot7677204696:AAFLU9IBU0lROegsU7aOM5dM_SPxiKk5kMo/getUpdates "HTTP/1.1 200 OK"
2025-12-13 01:31:08,480 - httpx - INFO - HTTP Request: POST https://api.telegram.org/bot7677204696:AAFLU9IBU0lROegsU7aOM5dM_SPxiKk5kMo/getUpdates "HTTP/1.1 200 OK"
2025-12-13 01:31:18,687 - httpx - INFO - HTTP Request: POST https://api.telegram.org/bot7677204696:AAFLU9IBU0lROegsU7aOM5dM_SPxiKk5kMo/getUpdates "HTTP/1.1 200 OK"
2025-12-13 01:31:28,907 - httpx - INFO - HTTP Request: POST https://api.telegram.org/bot7677204696:AAFLU9IBU0lROegsU7aOM5dM_SPxiKk5kMo/getUpdates "HTTP/1.1 200 OK"
2025-12-13 01:31:39,136 - httpx - INFO - HTTP Request: POST https://api.telegram.org/bot7677204696:AAFLU9IBU0lROegsU7aOM5dM_SPxiKk5kMo/getUpdates "HTTP/1.1 200 OK"
2025-12-13 01:31:49,369 - httpx - INFO - HTTP Request: POST https://api.telegram.org/bot7677204696:AAFLU9IBU0lROegsU7aOM5dM_SPxiKk5kMo/getUpdates "HTTP/1.1 200 OK"
2025-12-13 01:31:59,631 - httpx - INFO - HTTP Request: POST https://api.telegram.org/bot7677204696:AAFLU9IBU0lROegsU7aOM5dM_SPxiKk5kMo/getUpdates "HTTP/1.1 200 OK"
2025-12-13 01:32:09,869 - httpx - INFO - HTTP Request: POST https://api.telegram.org/bot7677204696:AAFLU9IBU0lROegsU7aOM5dM_SPxiKk5kMo/getUpdates "HTTP/1.1 200 OK"
2025-12-13 01:32:20,088 - httpx - INFO - HTTP Request: POST https://api.telegram.org/bot7677204696:AAFLU9IBU0lROegsU7aOM5dM_SPxiKk5kMo/getUpdates "HTTP/1.1 200 OK"
2025-12-13 01:32:30,309 - httpx - INFO - HTTP Request: POST https://api.telegram.org/bot7677204696:AAFLU9IBU0lROegsU7aOM5dM_SPxiKk5kMo/getUpdates "HTTP/1.1 200 OK"
2025-12-13 01:32:40,532 - httpx - INFO - HTTP Request: POST https://api.telegram.org/bot7677204696:AAFLU9IBU0lROegsU7aOM5dM_SPxiKk5kMo/getUpdates "HTTP/1.1 200 OK"
2025-12-13 01:32:50,817 - httpx - INFO - HTTP Request: POST https://api.telegram.org/bot7677204696:AAFLU9IBU0lROegsU7aOM5dM_SPxiKk5kMo/getUpdates "HTTP/1.1 200 OK"
2025-12-13 01:33:01,083 - httpx - INFO - HTTP Request: POST https://api.telegram.org/bot7677204696:AAFLU9IBU0lROegsU7aOM5dM_SPxiKk5kMo/getUpdates "HTTP/1.1 200 OK"
2025-12-13 01:33:11,331 - httpx - INFO - HTTP Request: POST https://api.telegram.org/bot7677204696:AAFLU9IBU0lROegsU7aOM5dM_SPxiKk5kMo/getUpdates "HTTP/1.1 200 OK"
2025-12-13 01:33:21,544 - httpx - INFO - HTTP Request: POST https://api.telegram.org/bot7677204696:AAFLU9IBU0lROegsU7aOM5dM_SPxiKk5kMo/getUpdates "HTTP/1.1 200 OK"
2025-12-13 01:33:31,748 - httpx - INFO - HTTP Request: POST https://api.telegram.org/bot7677204696:AAFLU9IBU0lROegsU7aOM5dM_SPxiKk5kMo/getUpdates "HTTP/1.1 200 OK"
2025-12-13 01:33:41,971 - httpx - INFO - HTTP Request: POST https://api.telegram.org/bot7677204696:AAFLU9IBU0lROegsU7aOM5dM_SPxiKk5kMo/getUpdates "HTTP/1.1 200 OK"
2025-12-13 01:33:52,202 - httpx - INFO - HTTP Request: POST https://api.telegram.org/bot7677204696:AAFLU9IBU0lROegsU7aOM5dM_SPxiKk5kMo/getUpdates "HTTP/1.1 200 OK"
2025-12-13 01:34:02,447 - httpx - INFO - HTTP Request: POST https://api.telegram.org/bot7677204696:AAFLU9IBU0lROegsU7aOM5dM_SPxiKk5kMo/getUpdates "HTTP/1.1 200 OK"
2025-12-13 01:34:12,694 - httpx - INFO - HTTP Request: POST https://api.telegram.org/bot7677204696:AAFLU9IBU0lROegsU7aOM5dM_SPxiKk5kMo/getUpdates "HTTP/1.1 200 OK"
2025-12-13 01:34:21,027 - httpx - INFO - HTTP Request: POST https://api.telegram.org/bot7677204696:AAFLU9IBU0lROegsU7aOM5dM_SPxiKk5kMo/getUpdates "HTTP/1.1 200 OK"
2025-12-13 01:34:21,029 - telegram.ext.Application - INFO - Application is stopping. This might take a moment.
2025-12-13 01:34:21,032 - telegram.ext.Application - INFO - Application.stop() complete
2025-12-13 01:34:21,062 - telegram_bot.bot - ERROR - ❌ Error ejecutando bot: a coroutine was expected, got None
2025-12-13 01:34:21,063 - __main__ - ERROR - ❌ Error crítico ejecutando bot: a coroutine was expected, got None
2025-12-13 01:34:21,064 - __main__ - ERROR - ❌ Error fatal: a coroutine was expected, got None
2025-12-13 01:34:23,753 - __main__ - INFO - 📦 Verificando dependencias...
2025-12-13 01:34:26,608 - __main__ - INFO - ✅ python-telegram-bot v22.5 está instalado
2025-12-13 01:34:26,608 - __main__ - INFO - 🔧 Validando configuración...
2025-12-13 01:34:26,706 - __main__ - INFO - ✅ Configuración validada correctamente
2025-12-13 01:34:26,707 - __main__ - INFO - 🚀 Inicializando ELiaS...
2025-12-13 01:34:42,754 - httpx - INFO - HTTP Request: GET https://api.notion.com/v1/users/me "HTTP/1.1 200 OK"
2025-12-13 01:34:43,203 - ia.services.transcription_service - INFO - ✅ AssemblyAI configurado correctamente
2025-12-13 01:34:43,204 - ia.services.transcription_service - INFO - ✅ Servicio de transcripción AssemblyAI inicializado
2025-12-13 01:34:43,236 - __main__ - INFO - 🤖 Inicializando Telegram Bot...
2025-12-13 01:34:43,236 - telegram_bot.bot - INFO - 📋 Admin IDs parseados: [7792117959]
2025-12-13 01:34:43,237 - telegram_bot.bot - INFO - 🤖 EliasBot inicializado correctamente
2025-12-13 01:34:43,237 - __main__ - INFO - 🚀 Iniciando bot de Telegram...
2025-12-13 01:34:43,416 - telegram_bot.bot - INFO - 🔧 Handlers configurados correctamente
2025-12-13 01:34:43,416 - telegram_bot.bot - INFO - ✅ LangGraphService inicializado
2025-12-13 01:34:43,417 - telegram_bot.bot - INFO - ✅ Servicios básicos inicializados para Telegram
2025-12-13 01:34:43,417 - telegram_bot.bot - INFO - ✅ Bot construido correctamente
2025-12-13 01:34:43,417 - telegram_bot.bot - INFO - 🚀 Iniciando EliasBot...
2025-12-13 01:34:43,418 - telegram_bot.bot - INFO - 📋 Administradores: [7792117959]
2025-12-13 01:34:44,093 - httpx - INFO - HTTP Request: POST https://api.telegram.org/bot7677204696:AAFLU9IBU0lROegsU7aOM5dM_SPxiKk5kMo/getMe "HTTP/1.1 200 OK"
2025-12-13 01:34:44,305 - httpx - INFO - HTTP Request: POST https://api.telegram.org/bot7677204696:AAFLU9IBU0lROegsU7aOM5dM_SPxiKk5kMo/deleteWebhook "HTTP/1.1 200 OK"
2025-12-13 01:34:44,306 - telegram.ext.Application - INFO - Application started
2025-12-13 01:34:55,005 - httpx - INFO - HTTP Request: POST https://api.telegram.org/bot7677204696:AAFLU9IBU0lROegsU7aOM5dM_SPxiKk5kMo/getUpdates "HTTP/1.1 200 OK"
2025-12-13 01:35:05,255 - httpx - INFO - HTTP Request: POST https://api.telegram.org/bot7677204696:AAFLU9IBU0lROegsU7aOM5dM_SPxiKk5kMo/getUpdates "HTTP/1.1 200 OK"
2025-12-13 01:35:15,509 - httpx - INFO - HTTP Request: POST https://api.telegram.org/bot7677204696:AAFLU9IBU0lROegsU7aOM5dM_SPxiKk5kMo/getUpdates "HTTP/1.1 200 OK"
2025-12-13 01:35:25,726 - httpx - INFO - HTTP Request: POST https://api.telegram.org/bot7677204696:AAFLU9IBU0lROegsU7aOM5dM_SPxiKk5kMo/getUpdates "HTTP/1.1 200 OK"
2025-12-13 01:35:31,913 - httpx - INFO - HTTP Request: POST https://api.telegram.org/bot7677204696:AAFLU9IBU0lROegsU7aOM5dM_SPxiKk5kMo/getUpdates "HTTP/1.1 200 OK"
2025-12-13 01:35:31,915 - telegram_bot.handlers.messages - INFO - 💬 Usuario 7792117959: Holaa, Cómo estás?...
2025-12-13 01:35:32,709 - httpx - INFO - HTTP Request: POST https://api.telegram.org/bot7677204696:AAFLU9IBU0lROegsU7aOM5dM_SPxiKk5kMo/sendChatAction "HTTP/1.1 200 OK"
2025-12-13 01:35:32,710 - telegram_bot.bot - INFO - 🔄 Procesando consulta de usuario 7792117959: Holaa, Cómo estás?...
2025-12-13 01:35:39,584 - httpx - INFO - HTTP Request: POST https://api.notion.com/v1/databases/22eb849f59fd8052b14cf4dae48d55fc/query "HTTP/1.1 200 OK"
2025-12-13 01:35:39,872 - httpx - INFO - HTTP Request: GET https://api.notion.com/v1/pages/240b849f-59fd-8035-9e0c-e72799d2421a "HTTP/1.1 200 OK"
2025-12-13 01:35:44,311 - httpx - INFO - HTTP Request: GET https://api.notion.com/v1/pages/240b849f-59fd-8037-8519-d620fbf92948 "HTTP/1.1 200 OK"
2025-12-13 01:35:44,700 - httpx - INFO - HTTP Request: GET https://api.notion.com/v1/pages/240b849f-59fd-808d-b7ad-c0615682e6ec "HTTP/1.1 200 OK"
2025-12-13 01:35:48,503 - telegram_bot.bot - INFO - ✅ Consulta procesada con LangGraph para usuario 7792117959
2025-12-13 01:35:48,505 - httpx - INFO - HTTP Request: POST https://api.telegram.org/bot7677204696:AAFLU9IBU0lROegsU7aOM5dM_SPxiKk5kMo/getUpdates "HTTP/1.1 200 OK"
2025-12-13 01:35:49,157 - httpx - INFO - HTTP Request: POST https://api.telegram.org/bot7677204696:AAFLU9IBU0lROegsU7aOM5dM_SPxiKk5kMo/sendMessage "HTTP/1.1 400 Bad Request"
2025-12-13 01:35:49,158 - telegram_bot.handlers.messages - WARNING - ⚠️ Error de formato Markdown, enviando sin formato: Can't parse entities: can't find end of the entity starting at byte offset 317
2025-12-13 01:35:49,508 - httpx - INFO - HTTP Request: POST https://api.telegram.org/bot7677204696:AAFLU9IBU0lROegsU7aOM5dM_SPxiKk5kMo/sendMessage "HTTP/1.1 200 OK"
2025-12-13 01:35:49,509 - telegram_bot.handlers.messages - INFO - ✅ Respuesta enviada a usuario 7792117959
2025-12-13 01:35:58,736 - httpx - INFO - HTTP Request: POST https://api.telegram.org/bot7677204696:AAFLU9IBU0lROegsU7aOM5dM_SPxiKk5kMo/getUpdates "HTTP/1.1 200 OK"
2025-12-13 01:36:08,969 - httpx - INFO - HTTP Request: POST https://api.telegram.org/bot7677204696:AAFLU9IBU0lROegsU7aOM5dM_SPxiKk5kMo/getUpdates "HTTP/1.1 200 OK"
2025-12-13 01:36:19,227 - httpx - INFO - HTTP Request: POST https://api.telegram.org/bot7677204696:AAFLU9IBU0lROegsU7aOM5dM_SPxiKk5kMo/getUpdates "HTTP/1.1 200 OK"
2025-12-13 01:36:29,451 - httpx - INFO - HTTP Request: POST https://api.telegram.org/bot7677204696:AAFLU9IBU0lROegsU7aOM5dM_SPxiKk5kMo/getUpdates "HTTP/1.1 200 OK"
2025-12-13 01:36:39,671 - httpx - INFO - HTTP Request: POST https://api.telegram.org/bot7677204696:AAFLU9IBU0lROegsU7aOM5dM_SPxiKk5kMo/getUpdates "HTTP/1.1 200 OK"
2025-12-13 01:36:49,875 - httpx - INFO - HTTP Request: POST https://api.telegram.org/bot7677204696:AAFLU9IBU0lROegsU7aOM5dM_SPxiKk5kMo/getUpdates "HTTP/1.1 200 OK"
2025-12-13 01:36:53,421 - httpx - INFO - HTTP Request: POST https://api.telegram.org/bot7677204696:AAFLU9IBU0lROegsU7aOM5dM_SPxiKk5kMo/getUpdates "HTTP/1.1 200 OK"
2025-12-13 01:36:53,422 - telegram_bot.handlers.messages - INFO - 💬 Usuario 7792117959: Mañana tengo que comprar un cerdo en la carnicería...
2025-12-13 01:36:54,191 - httpx - INFO - HTTP Request: POST https://api.telegram.org/bot7677204696:AAFLU9IBU0lROegsU7aOM5dM_SPxiKk5kMo/sendChatAction "HTTP/1.1 200 OK"
2025-12-13 01:36:54,192 - telegram_bot.bot - INFO - 🔄 Procesando consulta de usuario 7792117959: Mañana tengo que comprar un cerdo en la carnicería...
2025-12-13 01:37:04,657 - httpx - INFO - HTTP Request: POST https://api.notion.com/v1/databases/240b849f59fd80b48af4c15a547df1a7/query "HTTP/1.1 200 OK"
2025-12-13 01:37:08,319 - httpx - INFO - HTTP Request: POST https://api.notion.com/v1/pages "HTTP/1.1 200 OK"
2025-12-13 01:37:08,321 - telegram_bot.bot - INFO - ✅ Consulta procesada con LangGraph para usuario 7792117959
2025-12-13 01:37:08,323 - httpx - INFO - HTTP Request: POST https://api.telegram.org/bot7677204696:AAFLU9IBU0lROegsU7aOM5dM_SPxiKk5kMo/getUpdates "HTTP/1.1 200 OK"
2025-12-13 01:37:09,126 - httpx - INFO - HTTP Request: POST https://api.telegram.org/bot7677204696:AAFLU9IBU0lROegsU7aOM5dM_SPxiKk5kMo/sendMessage "HTTP/1.1 200 OK"
2025-12-13 01:37:09,127 - telegram_bot.handlers.messages - INFO - ✅ Respuesta enviada a usuario 7792117959
2025-12-13 01:37:18,577 - httpx - INFO - HTTP Request: POST https://api.telegram.org/bot7677204696:AAFLU9IBU0lROegsU7aOM5dM_SPxiKk5kMo/getUpdates "HTTP/1.1 200 OK"
2025-12-13 01:37:28,812 - httpx - INFO - HTTP Request: POST https://api.telegram.org/bot7677204696:AAFLU9IBU0lROegsU7aOM5dM_SPxiKk5kMo/getUpdates "HTTP/1.1 200 OK"
2025-12-13 01:37:39,033 - httpx - INFO - HTTP Request: POST https://api.telegram.org/bot7677204696:AAFLU9IBU0lROegsU7aOM5dM_SPxiKk5kMo/getUpdates "HTTP/1.1 200 OK"
2025-12-13 01:37:49,241 - httpx - INFO - HTTP Request: POST https://api.telegram.org/bot7677204696:AAFLU9IBU0lROegsU7aOM5dM_SPxiKk5kMo/getUpdates "HTTP/1.1 200 OK"
2025-12-13 01:37:59,547 - httpx - INFO - HTTP Request: POST https://api.telegram.org/bot7677204696:AAFLU9IBU0lROegsU7aOM5dM_SPxiKk5kMo/getUpdates "HTTP/1.1 200 OK"
2025-12-13 01:38:09,774 - httpx - INFO - HTTP Request: POST https://api.telegram.org/bot7677204696:AAFLU9IBU0lROegsU7aOM5dM_SPxiKk5kMo/getUpdates "HTTP/1.1 200 OK"
2025-12-13 01:38:20,021 - httpx - INFO - HTTP Request: POST https://api.telegram.org/bot7677204696:AAFLU9IBU0lROegsU7aOM5dM_SPxiKk5kMo/getUpdates "HTTP/1.1 200 OK"
2025-12-13 01:38:30,461 - httpx - INFO - HTTP Request: POST https://api.telegram.org/bot7677204696:AAFLU9IBU0lROegsU7aOM5dM_SPxiKk5kMo/getUpdates "HTTP/1.1 200 OK"
2025-12-13 01:38:33,052 - httpx - INFO - HTTP Request: POST https://api.telegram.org/bot7677204696:AAFLU9IBU0lROegsU7aOM5dM_SPxiKk5kMo/getUpdates "HTTP/1.1 200 OK"
2025-12-13 01:38:33,053 - telegram_bot.handlers.messages - INFO - 💬 Usuario 7792117959: Tengo que entregar mi trabajo de TAL antes de las ...
2025-12-13 01:38:33,871 - httpx - INFO - HTTP Request: POST https://api.telegram.org/bot7677204696:AAFLU9IBU0lROegsU7aOM5dM_SPxiKk5kMo/sendChatAction "HTTP/1.1 200 OK"
2025-12-13 01:38:33,871 - telegram_bot.bot - INFO - 🔄 Procesando consulta de usuario 7792117959: Tengo que entregar mi trabajo de TAL antes de las ...
2025-12-13 01:38:45,784 - httpx - INFO - HTTP Request: POST https://api.notion.com/v1/databases/240b849f59fd80b48af4c15a547df1a7/query "HTTP/1.1 200 OK"
2025-12-13 01:38:46,156 - httpx - INFO - HTTP Request: POST https://api.notion.com/v1/pages "HTTP/1.1 200 OK"
2025-12-13 01:38:46,157 - telegram_bot.bot - INFO - ✅ Consulta procesada con LangGraph para usuario 7792117959
2025-12-13 01:38:46,159 - httpx - INFO - HTTP Request: POST https://api.telegram.org/bot7677204696:AAFLU9IBU0lROegsU7aOM5dM_SPxiKk5kMo/getUpdates "HTTP/1.1 200 OK"
2025-12-13 01:38:46,945 - httpx - INFO - HTTP Request: POST https://api.telegram.org/bot7677204696:AAFLU9IBU0lROegsU7aOM5dM_SPxiKk5kMo/sendMessage "HTTP/1.1 200 OK"
2025-12-13 01:38:46,946 - telegram_bot.handlers.messages - INFO - ✅ Respuesta enviada a usuario 7792117959
2025-12-13 01:38:56,368 - httpx - INFO - HTTP Request: POST https://api.telegram.org/bot7677204696:AAFLU9IBU0lROegsU7aOM5dM_SPxiKk5kMo/getUpdates "HTTP/1.1 200 OK"
2025-12-13 01:39:06,686 - httpx - INFO - HTTP Request: POST https://api.telegram.org/bot7677204696:AAFLU9IBU0lROegsU7aOM5dM_SPxiKk5kMo/getUpdates "HTTP/1.1 200 OK"
2025-12-13 01:39:16,932 - httpx - INFO - HTTP Request: POST https://api.telegram.org/bot7677204696:AAFLU9IBU0lROegsU7aOM5dM_SPxiKk5kMo/getUpdates "HTTP/1.1 200 OK"
2025-12-13 01:39:27,182 - httpx - INFO - HTTP Request: POST https://api.telegram.org/bot7677204696:AAFLU9IBU0lROegsU7aOM5dM_SPxiKk5kMo/getUpdates "HTTP/1.1 200 OK"
2025-12-13 01:39:37,417 - httpx - INFO - HTTP Request: POST https://api.telegram.org/bot7677204696:AAFLU9IBU0lROegsU7aOM5dM_SPxiKk5kMo/getUpdates "HTTP/1.1 200 OK"
2025-12-13 01:39:47,644 - httpx - INFO - HTTP Request: POST https://api.telegram.org/bot7677204696:AAFLU9IBU0lROegsU7aOM5dM_SPxiKk5kMo/getUpdates "HTTP/1.1 200 OK"
2025-12-13 01:39:57,844 - httpx - INFO - HTTP Request: POST https://api.telegram.org/bot7677204696:AAFLU9IBU0lROegsU7aOM5dM_SPxiKk5kMo/getUpdates "HTTP/1.1 200 OK"
2025-12-13 01:40:00,750 - httpx - INFO - HTTP Request: POST https://api.telegram.org/bot7677204696:AAFLU9IBU0lROegsU7aOM5dM_SPxiKk5kMo/getUpdates "HTTP/1.1 200 OK"
2025-12-13 01:40:00,752 - telegram_bot.handlers.messages - INFO - 💬 Usuario 7792117959: para la otra semana tengo la entrega de una trabaj...
2025-12-13 01:40:01,549 - httpx - INFO - HTTP Request: POST https://api.telegram.org/bot7677204696:AAFLU9IBU0lROegsU7aOM5dM_SPxiKk5kMo/sendChatAction "HTTP/1.1 200 OK"
2025-12-13 01:40:01,550 - telegram_bot.bot - INFO - 🔄 Procesando consulta de usuario 7792117959: para la otra semana tengo la entrega de una trabaj...
2025-12-13 01:40:15,172 - httpx - INFO - HTTP Request: POST https://api.notion.com/v1/databases/240b849f59fd80b48af4c15a547df1a7/query "HTTP/1.1 200 OK"
2025-12-13 01:40:15,579 - httpx - INFO - HTTP Request: POST https://api.notion.com/v1/pages "HTTP/1.1 200 OK"
2025-12-13 01:40:15,580 - telegram_bot.bot - INFO - ✅ Consulta procesada con LangGraph para usuario 7792117959
2025-12-13 01:40:15,583 - httpx - INFO - HTTP Request: POST https://api.telegram.org/bot7677204696:AAFLU9IBU0lROegsU7aOM5dM_SPxiKk5kMo/getUpdates "HTTP/1.1 200 OK"
2025-12-13 01:40:16,434 - httpx - INFO - HTTP Request: POST https://api.telegram.org/bot7677204696:AAFLU9IBU0lROegsU7aOM5dM_SPxiKk5kMo/sendMessage "HTTP/1.1 200 OK"
2025-12-13 01:40:16,435 - telegram_bot.handlers.messages - INFO - ✅ Respuesta enviada a usuario 7792117959
2025-12-13 01:40:25,823 - httpx - INFO - HTTP Request: POST https://api.telegram.org/bot7677204696:AAFLU9IBU0lROegsU7aOM5dM_SPxiKk5kMo/getUpdates "HTTP/1.1 200 OK"
2025-12-13 01:40:36,077 - httpx - INFO - HTTP Request: POST https://api.telegram.org/bot7677204696:AAFLU9IBU0lROegsU7aOM5dM_SPxiKk5kMo/getUpdates "HTTP/1.1 200 OK"
2025-12-13 01:40:44,129 - httpx - INFO - HTTP Request: POST https://api.telegram.org/bot7677204696:AAFLU9IBU0lROegsU7aOM5dM_SPxiKk5kMo/getUpdates "HTTP/1.1 200 OK"
2025-12-13 01:40:44,138 - telegram_bot.handlers.messages - INFO - 🎤 Mensaje de voz recibido de usuario 7792117959 (duración: 6s)
2025-12-13 01:40:44,952 - httpx - INFO - HTTP Request: POST https://api.telegram.org/bot7677204696:AAFLU9IBU0lROegsU7aOM5dM_SPxiKk5kMo/sendChatAction "HTTP/1.1 200 OK"
2025-12-13 01:40:45,684 - httpx - INFO - HTTP Request: POST https://api.telegram.org/bot7677204696:AAFLU9IBU0lROegsU7aOM5dM_SPxiKk5kMo/getFile "HTTP/1.1 200 OK"
2025-12-13 01:40:46,153 - httpx - INFO - HTTP Request: GET https://api.telegram.org/file/bot7677204696%3AAAFLU9IBU0lROegsU7aOM5dM_SPxiKk5kMo/voice/file_34.oga "HTTP/1.1 200 OK"
2025-12-13 01:40:46,613 - telegram_bot.handlers.messages - INFO - 📥 Audio descargado: 130240 bytes
2025-12-13 01:40:46,978 - httpx - INFO - HTTP Request: POST https://api.telegram.org/bot7677204696:AAFLU9IBU0lROegsU7aOM5dM_SPxiKk5kMo/sendMessage "HTTP/1.1 200 OK"
2025-12-13 01:40:46,981 - ia.services.transcription_service - INFO - 🎤 Iniciando transcripción de voice_7792117959_AwACAgEA
2025-12-13 01:40:48,547 - httpx - INFO - HTTP Request: POST https://api.assemblyai.com/v2/upload "HTTP/1.1 200 OK"
2025-12-13 01:40:48,898 - httpx - INFO - HTTP Request: POST https://api.assemblyai.com/v2/transcript "HTTP/1.1 200 OK"
2025-12-13 01:40:49,140 - httpx - INFO - HTTP Request: GET https://api.assemblyai.com/v2/transcript/9466d777-c576-47ef-94ee-d7200f6e2990 "HTTP/1.1 200 OK"
2025-12-13 01:40:52,412 - httpx - INFO - HTTP Request: GET https://api.assemblyai.com/v2/transcript/9466d777-c576-47ef-94ee-d7200f6e2990 "HTTP/1.1 200 OK"
2025-12-13 01:40:52,414 - ia.services.transcription_service - INFO - ✅ Transcripción completada para voice_7792117959_AwACAgEA
2025-12-13 01:40:53,254 - httpx - INFO - HTTP Request: POST https://api.telegram.org/bot7677204696:AAFLU9IBU0lROegsU7aOM5dM_SPxiKk5kMo/deleteMessage "HTTP/1.1 200 OK"
2025-12-13 01:40:53,255 - telegram_bot.handlers.messages - INFO - ✅ Audio transcrito: Mañana tengo que asistir a un funeral por el centr...
2025-12-13 01:40:53,619 - httpx - INFO - HTTP Request: POST https://api.telegram.org/bot7677204696:AAFLU9IBU0lROegsU7aOM5dM_SPxiKk5kMo/sendMessage "HTTP/1.1 200 OK"
2025-12-13 01:40:53,620 - telegram_bot.bot - INFO - 🔄 Procesando consulta de usuario 7792117959: Mañana tengo que asistir a un funeral por el centr...
2025-12-13 01:41:03,152 - httpx - INFO - HTTP Request: POST https://api.notion.com/v1/databases/240b849f59fd80b48af4c15a547df1a7/query "HTTP/1.1 200 OK"
2025-12-13 01:41:04,796 - httpx - INFO - HTTP Request: POST https://api.notion.com/v1/pages "HTTP/1.1 200 OK"
2025-12-13 01:41:04,798 - telegram_bot.bot - INFO - ✅ Consulta procesada con LangGraph para usuario 7792117959
2025-12-13 01:41:04,800 - httpx - INFO - HTTP Request: POST https://api.telegram.org/bot7677204696:AAFLU9IBU0lROegsU7aOM5dM_SPxiKk5kMo/getUpdates "HTTP/1.1 200 OK"
2025-12-13 01:41:05,602 - httpx - INFO - HTTP Request: POST https://api.telegram.org/bot7677204696:AAFLU9IBU0lROegsU7aOM5dM_SPxiKk5kMo/sendMessage "HTTP/1.1 200 OK"
2025-12-13 01:41:05,603 - telegram_bot.handlers.messages - INFO - ✅ Procesamiento completo de audio para usuario 7792117959
2025-12-13 01:41:15,023 - httpx - INFO - HTTP Request: POST https://api.telegram.org/bot7677204696:AAFLU9IBU0lROegsU7aOM5dM_SPxiKk5kMo/getUpdates "HTTP/1.1 200 OK"
2025-12-13 01:41:25,261 - httpx - INFO - HTTP Request: POST https://api.telegram.org/bot7677204696:AAFLU9IBU0lROegsU7aOM5dM_SPxiKk5kMo/getUpdates "HTTP/1.1 200 OK"
2025-12-13 01:41:35,512 - httpx - INFO - HTTP Request: POST https://api.telegram.org/bot7677204696:AAFLU9IBU0lROegsU7aOM5dM_SPxiKk5kMo/getUpdates "HTTP/1.1 200 OK"
2025-12-13 01:41:45,752 - httpx - INFO - HTTP Request: POST https://api.telegram.org/bot7677204696:AAFLU9IBU0lROegsU7aOM5dM_SPxiKk5kMo/getUpdates "HTTP/1.1 200 OK"
2025-12-13 01:41:55,961 - httpx - INFO - HTTP Request: POST https://api.telegram.org/bot7677204696:AAFLU9IBU0lROegsU7aOM5dM_SPxiKk5kMo/getUpdates "HTTP/1.1 200 OK"
2025-12-13 01:42:06,171 - httpx - INFO - HTTP Request: POST https://api.telegram.org/bot7677204696:AAFLU9IBU0lROegsU7aOM5dM_SPxiKk5kMo/getUpdates "HTTP/1.1 200 OK"
2025-12-13 01:42:10,523 - httpx - INFO - HTTP Request: POST https://api.telegram.org/bot7677204696:AAFLU9IBU0lROegsU7aOM5dM_SPxiKk5kMo/getUpdates "HTTP/1.1 200 OK"
2025-12-13 01:42:10,526 - telegram.ext.Application - INFO - Application is stopping. This might take a moment.
2025-12-13 01:42:10,528 - telegram.ext.Application - INFO - Application.stop() complete
2025-12-13 01:42:10,557 - telegram_bot.bot - ERROR - ❌ Error ejecutando bot: a coroutine was expected, got None
2025-12-13 01:42:10,557 - __main__ - ERROR - ❌ Error crítico ejecutando bot: a coroutine was expected, got None
2025-12-13 01:42:10,558 - __main__ - ERROR - ❌ Error fatal: a coroutine was expected, got None
2025-12-13 20:08:06,114 - __main__ - INFO - 📦 Verificando dependencias...
2025-12-13 20:08:10,073 - __main__ - INFO - ✅ python-telegram-bot v22.5 está instalado
2025-12-13 20:08:10,074 - __main__ - INFO - 🔧 Validando configuración...
2025-12-13 20:08:10,184 - __main__ - INFO - ✅ Configuración validada correctamente
2025-12-13 20:08:10,184 - __main__ - INFO - 🚀 Inicializando ELiaS...
2025-12-13 20:08:11,754 - httpx - INFO - HTTP Request: GET https://api.notion.com/v1/users/me "HTTP/1.1 200 OK"
2025-12-13 20:08:11,938 - core.optimization - INFO - 🗄️ ResponseCache inicializado (TTL: 300s, Max: 100)
2025-12-13 20:08:11,940 - core.optimization - INFO - ⏱️ MessageDebouncer inicializado (delay: 1.5s, max: 5)
2025-12-13 20:08:11,940 - core.optimization - INFO - 🚀 LazyLoader inicializado
2025-12-13 20:08:12,038 - __main__ - INFO - 🤖 Inicializando Telegram Bot...
2025-12-13 20:08:12,039 - telegram_bot.bot - INFO - 📋 Admin IDs parseados: [7792117959]
2025-12-13 20:08:12,039 - telegram_bot.bot - INFO - 🤖 EliasBot inicializado correctamente
2025-12-13 20:08:12,039 - __main__ - INFO - 🚀 Iniciando bot de Telegram...
2025-12-13 20:08:12,243 - telegram_bot.bot - INFO - 🔧 Handlers configurados correctamente
2025-12-13 20:08:30,770 - ia.services.transcription_service - INFO - ✅ AssemblyAI configurado correctamente
2025-12-13 20:08:30,770 - ia.services.transcription_service - INFO - ✅ Servicio de transcripción AssemblyAI inicializado
2025-12-13 20:08:30,770 - core.optimization - INFO - ✅ LangGraphService cargado en 18.53s
2025-12-13 20:08:30,771 - telegram_bot.bot - INFO - ✅ LangGraphService disponible (lazy loading)
2025-12-13 20:08:30,771 - telegram_bot.bot - INFO - 🚀 Optimizaciones activas: Caché, Debouncing, Lazy Loading
2025-12-13 20:08:30,771 - telegram_bot.bot - INFO - ✅ Servicios básicos inicializados para Telegram
2025-12-13 20:08:30,771 - telegram_bot.bot - INFO - ✅ Bot construido correctamente
2025-12-13 20:08:30,772 - telegram_bot.bot - INFO - 🚀 Iniciando EliasBot...
2025-12-13 20:08:30,772 - telegram_bot.bot - INFO - 📋 Administradores: [7792117959]
2025-12-13 20:08:31,529 - httpx - INFO - HTTP Request: POST https://api.telegram.org/bot7677204696:AAFLU9IBU0lROegsU7aOM5dM_SPxiKk5kMo/getMe "HTTP/1.1 200 OK"
2025-12-13 20:08:31,760 - httpx - INFO - HTTP Request: POST https://api.telegram.org/bot7677204696:AAFLU9IBU0lROegsU7aOM5dM_SPxiKk5kMo/deleteWebhook "HTTP/1.1 200 OK"
2025-12-13 20:08:31,761 - telegram.ext.Application - INFO - Application started
2025-12-13 20:08:41,554 - httpx - INFO - HTTP Request: POST https://api.telegram.org/bot7677204696:AAFLU9IBU0lROegsU7aOM5dM_SPxiKk5kMo/getUpdates "HTTP/1.1 200 OK"
2025-12-13 20:08:52,233 - httpx - INFO - HTTP Request: POST https://api.telegram.org/bot7677204696:AAFLU9IBU0lROegsU7aOM5dM_SPxiKk5kMo/getUpdates "HTTP/1.1 200 OK"
2025-12-13 20:09:02,912 - httpx - INFO - HTTP Request: POST https://api.telegram.org/bot7677204696:AAFLU9IBU0lROegsU7aOM5dM_SPxiKk5kMo/getUpdates "HTTP/1.1 200 OK"
2025-12-13 20:09:12,149 - httpx - INFO - HTTP Request: POST https://api.telegram.org/bot7677204696:AAFLU9IBU0lROegsU7aOM5dM_SPxiKk5kMo/getUpdates "HTTP/1.1 200 OK"
2025-12-13 20:09:22,826 - httpx - INFO - HTTP Request: POST https://api.telegram.org/bot7677204696:AAFLU9IBU0lROegsU7aOM5dM_SPxiKk5kMo/getUpdates "HTTP/1.1 200 OK"
2025-12-13 20:09:33,319 - httpx - INFO - HTTP Request: POST https://api.telegram.org/bot7677204696:AAFLU9IBU0lROegsU7aOM5dM_SPxiKk5kMo/getUpdates "HTTP/1.1 200 OK"
2025-12-13 20:09:33,322 - telegram_bot.handlers.messages - INFO - 💬 Usuario 7792117959: Que tareas tengo pendientes?...
2025-12-13 20:09:34,136 - httpx - INFO - HTTP Request: POST https://api.telegram.org/bot7677204696:AAFLU9IBU0lROegsU7aOM5dM_SPxiKk5kMo/sendChatAction "HTTP/1.1 200 OK"
2025-12-13 20:09:34,136 - telegram_bot.bot - INFO - 🔄 Procesando consulta de usuario 7792117959: Que tareas tengo pendientes?...
2025-12-13 20:09:39,768 - httpx - INFO - HTTP Request: POST https://api.notion.com/v1/databases/22eb849f59fd8052b14cf4dae48d55fc/query "HTTP/1.1 200 OK"
2025-12-13 20:09:40,031 - httpx - INFO - HTTP Request: GET https://api.notion.com/v1/pages/240b849f-59fd-8037-8519-d620fbf92948 "HTTP/1.1 200 OK"
2025-12-13 20:09:40,315 - httpx - INFO - HTTP Request: GET https://api.notion.com/v1/pages/240b849f-59fd-808d-b7ad-c0615682e6ec "HTTP/1.1 200 OK"
2025-12-13 20:09:42,519 - httpx - INFO - HTTP Request: GET https://api.notion.com/v1/pages/240b849f-59fd-8035-9e0c-e72799d2421a "HTTP/1.1 200 OK"
2025-12-13 20:09:44,286 - telegram_bot.bot - INFO - ✅ Consulta procesada con LangGraph para usuario 7792117959
2025-12-13 20:09:44,291 - httpx - INFO - HTTP Request: POST https://api.telegram.org/bot7677204696:AAFLU9IBU0lROegsU7aOM5dM_SPxiKk5kMo/getUpdates "HTTP/1.1 200 OK"
2025-12-13 20:09:45,111 - httpx - INFO - HTTP Request: POST https://api.telegram.org/bot7677204696:AAFLU9IBU0lROegsU7aOM5dM_SPxiKk5kMo/sendMessage "HTTP/1.1 200 OK"
2025-12-13 20:09:45,113 - telegram_bot.handlers.messages - INFO - ✅ Respuesta enviada a usuario 7792117959
2025-12-13 20:09:54,969 - httpx - INFO - HTTP Request: POST https://api.telegram.org/bot7677204696:AAFLU9IBU0lROegsU7aOM5dM_SPxiKk5kMo/getUpdates "HTTP/1.1 200 OK"
2025-12-13 20:10:05,691 - httpx - INFO - HTTP Request: POST https://api.telegram.org/bot7677204696:AAFLU9IBU0lROegsU7aOM5dM_SPxiKk5kMo/getUpdates "HTTP/1.1 200 OK"
2025-12-13 20:10:06,282 - httpx - INFO - HTTP Request: POST https://api.telegram.org/bot7677204696:AAFLU9IBU0lROegsU7aOM5dM_SPxiKk5kMo/getUpdates "HTTP/1.1 200 OK"
2025-12-13 20:10:06,283 - telegram_bot.handlers.messages - INFO - 💬 Usuario 7792117959: holaa...
2025-12-13 20:10:07,140 - httpx - INFO - HTTP Request: POST https://api.telegram.org/bot7677204696:AAFLU9IBU0lROegsU7aOM5dM_SPxiKk5kMo/sendChatAction "HTTP/1.1 200 OK"
2025-12-13 20:10:07,141 - telegram_bot.bot - INFO - 🔄 Procesando consulta de usuario 7792117959: holaa...
2025-12-13 20:10:11,602 - httpx - INFO - HTTP Request: POST https://api.notion.com/v1/databases/22eb849f59fd8052b14cf4dae48d55fc/query "HTTP/1.1 200 OK"
2025-12-13 20:10:14,233 - telegram_bot.bot - INFO - ✅ Consulta procesada con LangGraph para usuario 7792117959
2025-12-13 20:10:14,941 - httpx - INFO - HTTP Request: POST https://api.telegram.org/bot7677204696:AAFLU9IBU0lROegsU7aOM5dM_SPxiKk5kMo/sendMessage "HTTP/1.1 400 Bad Request"
2025-12-13 20:10:14,942 - telegram_bot.handlers.messages - WARNING - ⚠️ Error de formato Markdown, enviando sin formato: Can't parse entities: can't find end of the entity starting at byte offset 509
2025-12-13 20:10:13,772 - httpx - INFO - HTTP Request: POST https://api.telegram.org/bot7677204696:AAFLU9IBU0lROegsU7aOM5dM_SPxiKk5kMo/sendMessage "HTTP/1.1 200 OK"
2025-12-13 20:10:13,773 - telegram_bot.handlers.messages - INFO - ✅ Respuesta enviada a usuario 7792117959
2025-12-13 20:10:15,507 - httpx - INFO - HTTP Request: POST https://api.telegram.org/bot7677204696:AAFLU9IBU0lROegsU7aOM5dM_SPxiKk5kMo/getUpdates "HTTP/1.1 200 OK"
2025-12-13 20:10:23,994 - httpx - INFO - HTTP Request: POST https://api.telegram.org/bot7677204696:AAFLU9IBU0lROegsU7aOM5dM_SPxiKk5kMo/getUpdates "HTTP/1.1 200 OK"
2025-12-13 20:10:23,995 - telegram_bot.handlers.messages - INFO - 💬 Usuario 7792117959: hola...
2025-12-13 20:10:24,865 - httpx - INFO - HTTP Request: POST https://api.telegram.org/bot7677204696:AAFLU9IBU0lROegsU7aOM5dM_SPxiKk5kMo/sendChatAction "HTTP/1.1 200 OK"
2025-12-13 20:10:24,866 - telegram_bot.bot - INFO - 🔄 Procesando consulta de usuario 7792117959: hola...
2025-12-13 20:10:24,866 - telegram_bot.bot - INFO - 📍 Respuesta local para usuario 7792117959
2025-12-13 20:10:25,282 - httpx - INFO - HTTP Request: POST https://api.telegram.org/bot7677204696:AAFLU9IBU0lROegsU7aOM5dM_SPxiKk5kMo/sendMessage "HTTP/1.1 200 OK"
2025-12-13 20:10:25,283 - telegram_bot.handlers.messages - INFO - ✅ Respuesta enviada a usuario 7792117959
2025-12-13 20:10:30,064 - httpx - INFO - HTTP Request: POST https://api.telegram.org/bot7677204696:AAFLU9IBU0lROegsU7aOM5dM_SPxiKk5kMo/getUpdates "HTTP/1.1 200 OK"
2025-12-13 20:10:30,065 - telegram_bot.handlers.messages - INFO - 💬 Usuario 7792117959: gracias...
2025-12-13 20:10:30,420 - httpx - INFO - HTTP Request: POST https://api.telegram.org/bot7677204696:AAFLU9IBU0lROegsU7aOM5dM_SPxiKk5kMo/sendChatAction "HTTP/1.1 200 OK"
2025-12-13 20:10:30,420 - telegram_bot.bot - INFO - 🔄 Procesando consulta de usuario 7792117959: gracias...
2025-12-13 20:10:30,421 - telegram_bot.bot - INFO - 📍 Respuesta local para usuario 7792117959
2025-12-13 20:10:30,811 - httpx - INFO - HTTP Request: POST https://api.telegram.org/bot7677204696:AAFLU9IBU0lROegsU7aOM5dM_SPxiKk5kMo/sendMessage "HTTP/1.1 200 OK"
2025-12-13 20:10:30,812 - telegram_bot.handlers.messages - INFO - ✅ Respuesta enviada a usuario 7792117959
2025-12-13 20:10:40,750 - httpx - INFO - HTTP Request: POST https://api.telegram.org/bot7677204696:AAFLU9IBU0lROegsU7aOM5dM_SPxiKk5kMo/getUpdates "HTTP/1.1 200 OK"
2025-12-13 20:10:44,626 - httpx - INFO - HTTP Request: POST https://api.telegram.org/bot7677204696:AAFLU9IBU0lROegsU7aOM5dM_SPxiKk5kMo/getUpdates "HTTP/1.1 200 OK"
2025-12-13 20:10:44,627 - telegram.ext.Application - INFO - Application is stopping. This might take a moment.
2025-12-13 20:10:44,628 - telegram.ext.Application - INFO - Application.stop() complete
2025-12-13 20:10:44,633 - telegram_bot.bot - ERROR - ❌ Error ejecutando bot: a coroutine was expected, got None
2025-12-13 20:10:44,633 - __main__ - ERROR - ❌ Error crítico ejecutando bot: a coroutine was expected, got None
2025-12-13 20:10:44,634 - __main__ - ERROR - ❌ Error fatal: a coroutine was expected, got None
